timestamp,leg_left_hip_roll_joint,leg_left_hip_yaw_joint,leg_left_hip_pitch_joint,leg_left_knee_pitch_joint,leg_left_ankle_pitch_joint,leg_left_ankle_roll_joint,leg_right_hip_roll_joint,leg_right_hip_yaw_joint,leg_right_hip_pitch_joint,leg_right_knee_pitch_joint,leg_right_ankle_pitch_joint,leg_right_ankle_roll_joint
1764303141.595785,0.4161841571331024,0.48155543208122253,-0.458156019449234,0.6922842264175415,-1.1445016860961914,-0.6736131906509399,-1.1650134325027466,-0.04029209539294243,-0.7229451537132263,2.157073974609375,-0.6931082010269165,0.2710641920566559
1764303141.6485283,0.4486963748931885,0.3475945293903351,-0.34918293356895447,0.7365434169769287,-0.7734024524688721,0.06912720203399658,-0.41261422634124756,-0.132736474275589,-0.24527882039546967,0.9617387652397156,-0.7744775414466858,-0.09538813680410385
1764303141.690744,0.20331329107284546,0.21277335286140442,-0.24197238683700562,0.9641779065132141,-0.9128064513206482,0.15912532806396484,-0.1640193611383438,-0.18710669875144958,-0.3974255621433258,0.6508642435073853,-0.8058751225471497,-0.06073445826768875
1764303141.7325814,0.18946054577827454,0.1480252891778946,-0.382398784160614,1.009610891342163,-0.5152515172958374,0.10248558968305588,-0.14607354998588562,-0.06945537030696869,-0.3724110424518585,0.5255903005599976,-0.4089895486831665,0.10799091309309006
1764303141.7748353,0.18140557408332825,-0.06593399494886398,-0.5056440830230713,0.5472856163978577,-0.5452908873558044,-0.17350299656391144,-0.13952048122882843,0.15335199236869812,-0.5117028951644897,0.46406179666519165,-0.5821360945701599,-0.00046665966510772705
1764303141.816898,0.08021757751703262,0.06492902338504791,-0.30578839778900146,0.7998194694519043,-0.39586618542671204,0.05589448660612106,-0.11220899224281311,-0.07623861730098724,-0.30013737082481384,0.8524293899536133,-0.38107436895370483,-0.05611465871334076
1764303141.8585014,0.08225244283676147,0.0834471583366394,-0.1887863576412201,0.8621520400047302,-0.439452201128006,0.1431417614221573,-0.09571348130702972,-0.03057246096432209,-0.26350677013397217,1.0988417863845825,-0.23197698593139648,-0.06043247878551483
1764303141.8989644,0.14418482780456543,0.15405845642089844,-0.25081974267959595,0.7700225114822388,-0.48847824335098267,0.15172085165977478,-0.09196215867996216,0.023381464183330536,-0.4869537353515625,1.202353835105896,-0.3538416028022766,-0.032277703285217285
1764303141.939355,0.17941686511039734,0.1849173903465271,-0.399106502532959,0.9534326791763306,-0.5211600065231323,0.1431378424167633,-0.12011465430259705,-0.0028390251100063324,-0.5814395546913147,1.0364713668823242,-0.642453670501709,0.038763560354709625
1764303141.9797952,0.14715729653835297,0.10482653975486755,-0.4356827139854431,1.0840266942977905,-0.6052815914154053,0.15444572269916534,-0.09783083200454712,-0.008975638076663017,-0.4679940342903137,0.8180770874023438,-0.49429625272750854,0.06702632457017899
1764303142.0202384,0.11692915856838226,0.0785716101527214,-0.3701157569885254,1.0211639404296875,-0.5809788703918457,0.08709655702114105,-0.1427091807126999,-0.05051485449075699,-0.3985513150691986,0.7796761393547058,-0.46014395356178284,-0.016437551006674767
1764303142.0607595,0.12560230493545532,0.09375740587711334,-0.40660011768341064,0.898674726486206,-0.671015739440918,-0.02673816867172718,-0.11513352394104004,-0.05129801109433174,-0.4425908327102661,0.8403841257095337,-0.5815863013267517,-0.08340361714363098
1764303142.1012874,0.12799392640590668,0.10746961832046509,-0.41429615020751953,0.9379324316978455,-0.6692405939102173,0.04731139540672302,-0.10476785898208618,-0.03869173675775528,-0.43543118238449097,0.8898227214813232,-0.5418216586112976,-0.038863517343997955
1764303142.1417117,0.1290411353111267,0.11173957586288452,-0.40397992730140686,0.9579389095306396,-0.65114426612854,0.07952742278575897,-0.10299518704414368,-0.03109976463019848,-0.43413352966308594,0.8885305523872375,-0.5188348293304443,-0.031230146065354347
1764303142.1821136,0.12267369031906128,0.11133673042058945,-0.39215075969696045,0.963278591632843,-0.6433237791061401,0.0864981859922409,-0.10849347710609436,-0.03433524817228317,-0.4318429231643677,0.8763532638549805,-0.5060763359069824,-0.0397830456495285
1764303142.222514,0.11232824623584747,0.10941383242607117,-0.37820112705230713,0.9706241488456726,-0.6398022770881653,0.07741878926753998,-0.11252577602863312,-0.03944670408964157,-0.4279974699020386,0.8788799047470093,-0.49801522493362427,-0.05064859241247177
1764303142.2629097,0.10605241358280182,0.10399125516414642,-0.3769833445549011,0.9688047170639038,-0.6375415325164795,0.062115639448165894,-0.11190001666545868,-0.03820039704442024,-0.428530216217041,0.8931453824043274,-0.5031582713127136,-0.05178045481443405
1764303142.303376,0.1069115400314331,0.10230586677789688,-0.3816184401512146,0.9629925489425659,-0.6338364481925964,0.05989466607570648,-0.10831382870674133,-0.033965080976486206,-0.4282522201538086,0.9036413431167603,-0.5061798691749573,-0.04372290521860123
1764303142.3438234,0.11051890254020691,0.10381289571523666,-0.3862228989601135,0.9587670564651489,-0.6334584951400757,0.06797448545694351,-0.10738229751586914,-0.03257006034255028,-0.42907679080963135,0.8994009494781494,-0.5051408410072327,-0.03781601041555405
1764303142.3842385,0.11114231497049332,0.10611975938081741,-0.38543790578842163,0.9589583277702332,-0.6319646835327148,0.07667766511440277,-0.10867348313331604,-0.03258437290787697,-0.43046045303344727,0.8951215744018555,-0.5025366544723511,-0.03912198543548584
1764303142.4246345,0.10883335769176483,0.10630536079406738,-0.3831031024456024,0.9619234800338745,-0.6324025392532349,0.07948888093233109,-0.11111225187778473,-0.03390608727931976,-0.43113648891448975,0.890899658203125,-0.49974000453948975,-0.04293369501829147
1764303142.4650793,0.10508066415786743,0.10448774695396423,-0.3813289403915405,0.9645209908485413,-0.6337441802024841,0.07590454071760178,-0.11278460919857025,-0.034701067954301834,-0.43182867765426636,0.8905346393585205,-0.4993106424808502,-0.04649769514799118
1764303142.50556,0.1024952381849289,0.10279877483844757,-0.3812396824359894,0.9650328159332275,-0.633831262588501,0.07117139548063278,-0.11263559758663177,-0.033766135573387146,-0.4328598082065582,0.8954901695251465,-0.5011749863624573,-0.047226615250110626
1764303142.54599,0.10235907137393951,0.10237006843090057,-0.3823980391025543,0.9647576212882996,-0.6326814889907837,0.07036004215478897,-0.11214864253997803,-0.03219795972108841,-0.43301600217819214,0.899266242980957,-0.5016674995422363,-0.04504220187664032
1764303142.586408,0.10322216153144836,0.10272050648927689,-0.3836028277873993,0.9643107652664185,-0.6319730281829834,0.07265380024909973,-0.11248655617237091,-0.03130578622221947,-0.4330984950065613,0.8988109827041626,-0.5011038780212402,-0.04323878139257431
1764303142.6269414,0.10339473187923431,0.10308320075273514,-0.38384386897087097,0.9645147919654846,-0.6318899989128113,0.07514780014753342,-0.11342784762382507,-0.031086832284927368,-0.43357518315315247,0.8968831300735474,-0.5004514455795288,-0.04337380826473236
1764303142.6673577,0.10267926007509232,0.10294853150844574,-0.3834457993507385,0.9653624296188354,-0.6319188475608826,0.07611888647079468,-0.1144113838672638,-0.03101658634841442,-0.4341750144958496,0.8959459066390991,-0.5001307129859924,-0.04450269043445587
1764303142.7077584,0.10171258449554443,0.10236415266990662,-0.3831225037574768,0.9662725925445557,-0.6317978501319885,0.07570317387580872,-0.11515402793884277,-0.030776578933000565,-0.43465274572372437,0.8963590264320374,-0.5002090930938721,-0.045382060110569
1764303142.7482133,0.10110588371753693,0.10172753036022186,-0.3832259774208069,0.9667325019836426,-0.631481409072876,0.07501544058322906,-0.11561845242977142,-0.03029686026275158,-0.4349760115146637,0.8973785638809204,-0.5005555152893066,-0.04552210867404938
1764303142.7887032,0.10099458694458008,0.10132437944412231,-0.3836197853088379,0.966782808303833,-0.631054162979126,0.07491843402385712,-0.11601173877716064,-0.02971641719341278,-0.43519723415374756,0.8981218934059143,-0.500860333442688,-0.0451589971780777
1764303142.8291397,0.10107619315385818,0.10112272948026657,-0.383969783782959,0.9668042659759521,-0.6306864619255066,0.07544241100549698,-0.11648434400558472,-0.029281010851264,-0.43540656566619873,0.8982269763946533,-0.5009337663650513,-0.0448387935757637
1764303142.8695803,0.10102229565382004,0.10090798139572144,-0.38412168622016907,0.9670013189315796,-0.6304327249526978,0.07603786885738373,-0.11703881621360779,-0.029032863676548004,-0.4356725215911865,0.8980116844177246,-0.5009056329727173,-0.04487277567386627
1764303142.9099815,0.10076688230037689,0.10055913031101227,-0.38415083289146423,0.9673242568969727,-0.6302339434623718,0.0762970969080925,-0.11758589744567871,-0.028859060257673264,-0.43598049879074097,0.897931694984436,-0.5009484887123108,-0.04514879733324051
1764303142.9505055,0.10044856369495392,0.10011511296033859,-0.38420334458351135,0.9676212072372437,-0.6300249695777893,0.0762442946434021,-0.11806607246398926,-0.02865510806441307,-0.4362836480140686,0.8981220722198486,-0.5011059641838074,-0.04540592432022095
1764303142.990913,0.10019663721323013,0.09967339783906937,-0.38433974981307983,0.9678112268447876,-0.6297975778579712,0.07613400369882584,-0.11848698556423187,-0.028407173231244087,-0.4365575909614563,0.8984158039093018,-0.5013089776039124,-0.04552458971738815
1764303143.031462,0.10001971572637558,0.09928164631128311,-0.38451701402664185,0.9679266810417175,-0.6295831203460693,0.0761379674077034,-0.11889077723026276,-0.028162389993667603,-0.4368128180503845,0.898615837097168,-0.5014792680740356,-0.045570045709609985
1764303143.0719495,0.0998477041721344,0.09891703724861145,-0.38467058539390564,0.9680390357971191,-0.6294061541557312,0.07623391598463058,-0.11930498480796814,-0.02796001173555851,-0.4370724558830261,0.8986776471138,-0.5016000270843506,-0.04565749317407608
1764303143.1125145,0.09962473809719086,0.09853667765855789,-0.3847793638706207,0.968182384967804,-0.6292642951011658,0.07631006836891174,-0.11972583830356598,-0.027798930183053017,-0.4373478293418884,0.8986849188804626,-0.5017039775848389,-0.045831337571144104
1764303143.1530018,0.09935116767883301,0.09812505543231964,-0.3848661184310913,0.9683405160903931,-0.6291413903236389,0.07630234956741333,-0.12013609707355499,-0.02765403315424919,-0.4376344084739685,0.8987221717834473,-0.5018231868743896,-0.04605640470981598
1764303143.193482,0.0990588366985321,0.09769678860902786,-0.3849584758281708,0.9684837460517883,-0.629026472568512,0.07623127847909927,-0.12052670121192932,-0.027506910264492035,-0.43792223930358887,0.8988028168678284,-0.5019614100456238,-0.04628196358680725
1764303143.2340102,0.09877030551433563,0.09727152436971664,-0.3850632607936859,0.9686015248298645,-0.6289205551147461,0.07614996284246445,-0.1209019273519516,-0.02735762484371662,-0.4382067620754242,0.8988882899284363,-0.502102255821228,-0.04649076610803604
1764303143.274425,0.09848392754793167,0.09685508906841278,-0.38516944646835327,0.9687042236328125,-0.628828763961792,0.07608477026224136,-0.12127082049846649,-0.02721584215760231,-0.4384901225566864,0.8989452719688416,-0.5022320747375488,-0.04669823497533798
1764303143.3149576,0.09818674623966217,0.09644027054309845,-0.38526609539985657,0.9688060283660889,-0.6287522315979004,0.07602532207965851,-0.12163755297660828,-0.02708733268082142,-0.438776433467865,0.8989734649658203,-0.502350926399231,-0.04692334681749344
1764303143.3553305,0.09787262231111526,0.09601926058530807,-0.3853526711463928,0.9689106941223145,-0.6286875605583191,0.0759500116109848,-0.12200033664703369,-0.026970095932483673,-0.4390667974948883,0.898992657661438,-0.5024672746658325,-0.04716891050338745
1764303143.3958154,0.09754551947116852,0.09559153765439987,-0.3854353725910187,0.9690136313438416,-0.6286308765411377,0.07585183531045914,-0.12235577404499054,-0.026858974248170853,-0.43935951590538025,0.8990170359611511,-0.5025869607925415,-0.047424495220184326
1764303143.4361928,0.09721336513757706,0.09516151249408722,-0.38551899790763855,0.9691097140312195,-0.6285803318023682,0.0757385715842247,-0.12270306050777435,-0.026751115918159485,-0.43965229392051697,0.8990458250045776,-0.502709150314331,-0.04768006503582001
1764303143.4766824,0.096880242228508,0.09473270922899246,-0.38560354709625244,0.9691982269287109,-0.6285359263420105,0.07562080770730972,-0.12304358184337616,-0.026647180318832397,-0.43994414806365967,0.8990705013275146,-0.5028303265571594,-0.04793383926153183
1764303143.5170758,0.09654580056667328,0.09430515021085739,-0.3856867551803589,0.9692822098731995,-0.6284980773925781,0.07550161331892014,-0.12337915599346161,-0.026549315080046654,-0.4402352571487427,0.8990867733955383,-0.5029489398002625,-0.04818850755691528
1764303143.5574417,0.09620849788188934,0.09387712180614471,-0.3857673108577728,0.9693641662597656,-0.6284656524658203,0.07537773251533508,-0.12371006608009338,-0.02645784430205822,-0.4405261278152466,0.8990966081619263,-0.503065824508667,-0.04844643175601959
1764303143.5979779,0.0958678275346756,0.09344742447137833,-0.3858458697795868,0.969443678855896,-0.6284385919570923,0.07524526864290237,-0.12403547763824463,-0.026371978223323822,-0.4408167600631714,0.8991043567657471,-0.5031833648681641,-0.04870682209730148
1764303143.6384206,0.0955246239900589,0.09301665425300598,-0.38592350482940674,0.9695194959640503,-0.6284176111221313,0.07510301470756531,-0.12435436248779297,-0.026290493085980415,-0.441106915473938,0.8991129994392395,-0.503303050994873,-0.04896730184555054
1764303143.6788201,0.09518066048622131,0.0925857275724411,-0.3860010802745819,0.9695910811424255,-0.6284021139144897,0.0749528780579567,-0.12466652691364288,-0.0262126624584198,-0.4413958191871643,0.8991221785545349,-0.503423810005188,-0.049225546419620514
1764303143.7192051,0.09483698755502701,0.09215537458658218,-0.3860786259174347,0.9696581959724426,-0.6283920407295227,0.07479642331600189,-0.12497228384017944,-0.026138750836253166,-0.44168341159820557,0.8991304039955139,-0.5035454630851746,-0.049480974674224854
1764303143.759656,0.09449377655982971,0.09172549098730087,-0.38615548610687256,0.9697213172912598,-0.6283865571022034,0.07463472336530685,-0.12527191638946533,-0.02606893889605999,-0.4419693350791931,0.899137020111084,-0.5036673545837402,-0.04973404109477997
1764303143.8001,0.09415113925933838,0.09129602462053299,-0.38623175024986267,0.9697809815406799,-0.6283859014511108,0.07446730136871338,-0.12556563317775726,-0.026003364473581314,-0.4422537088394165,0.8991421461105347,-0.5037897825241089,-0.04998482018709183
1764303143.8405967,0.09380912780761719,0.09086666256189346,-0.38630741834640503,0.9698376059532166,-0.628389298915863,0.07429368793964386,-0.12585343420505524,-0.02594192698597908,-0.442536324262619,0.899146556854248,-0.503913164138794,-0.050232984125614166
1764303143.8809996,0.09346826374530792,0.09043749421834946,-0.3863828480243683,0.9698907732963562,-0.6283961534500122,0.07411427795886993,-0.12613508105278015,-0.02588426135480404,-0.44281694293022156,0.8991504907608032,-0.5040373206138611,-0.05047815293073654
1764303143.9214103,0.09312891215085983,0.0900086984038353,-0.3864581882953644,0.9699404835700989,-0.6284070014953613,0.0739295482635498,-0.12641091644763947,-0.025830436497926712,-0.4430955946445465,0.899153470993042,-0.5041625499725342,-0.05071993172168732
1764303143.9619522,0.09688606858253479,0.0855698511004448,-0.40564361214637756,0.9661166071891785,-0.6277295351028442,0.0828457698225975,-0.12030439078807831,-0.03183968365192413,-0.4392843246459961,0.8850415349006653,-0.5232805013656616,-0.03691650182008743
1764303144.0023437,0.10122550278902054,0.0865221843123436,-0.4151149094104767,0.967906653881073,-0.6280842423439026,0.09826494008302689,-0.11677515506744385,-0.03465355560183525,-0.4381502866744995,0.8716850280761719,-0.5308048725128174,-0.032472871243953705
1764303144.0427744,0.10313219577074051,0.08058054745197296,-0.4230397343635559,0.978625476360321,-0.6199530363082886,0.11155423521995544,-0.1135304719209671,-0.04439704492688179,-0.4302203357219696,0.8454711437225342,-0.5400717258453369,-0.028394149616360664
1764303144.0831964,0.09822960942983627,0.07163430005311966,-0.4212515354156494,0.9954499006271362,-0.6009559035301208,0.10964299738407135,-0.11111751198768616,-0.05526231229305267,-0.42097610235214233,0.8366378545761108,-0.5384379625320435,-0.03812938928604126
1764303144.1236155,0.09233809262514114,0.059259943664073944,-0.42807692289352417,0.9994698762893677,-0.5909421443939209,0.09123164415359497,-0.10858647525310516,-0.06430777907371521,-0.4133390486240387,0.8309520483016968,-0.5438746809959412,-0.04670102149248123
1764303144.164015,0.09514020383358002,0.04987913742661476,-0.4462103545665741,0.9885439872741699,-0.5842958688735962,0.07872969657182693,-0.09918586909770966,-0.0719054788351059,-0.3992253839969635,0.8080213069915771,-0.5678237676620483,-0.042171888053417206
1764303144.2043781,0.0960414856672287,0.045946087688207626,-0.4521873891353607,0.9947379231452942,-0.5706397294998169,0.07896000891923904,-0.09209957718849182,-0.08115306496620178,-0.3836633563041687,0.7880374789237976,-0.5757842659950256,-0.0411987379193306
1764303144.244812,0.09259847551584244,0.0344783216714859,-0.45990467071533203,1.0052670240402222,-0.5579690337181091,0.06790024042129517,-0.08810275793075562,-0.09421531111001968,-0.3628446161746979,0.7660238742828369,-0.5838283896446228,-0.04854397475719452
1764303144.2853062,0.08387041836977005,0.01689448207616806,-0.4731890857219696,1.0140876770019531,-0.5511525869369507,0.03772140294313431,-0.08408883213996887,-0.10739077627658844,-0.3390521705150604,0.7541162967681885,-0.5931824445724487,-0.061404019594192505
1764303144.3257067,0.07178694009780884,0.006630432792007923,-0.4733366370201111,1.004446268081665,-0.5554052591323853,-0.009362970478832722,-0.07686185836791992,-0.10915255546569824,-0.3271532654762268,0.7735702395439148,-0.5953687429428101,-0.07300823926925659
1764303144.3662477,0.06544111669063568,0.004046067129820585,-0.4563346803188324,0.9657651782035828,-0.5692910552024841,-0.037848394364118576,-0.07113306224346161,-0.0946098193526268,-0.319408655166626,0.7952112555503845,-0.593478798866272,-0.06339851021766663
1764303144.4067235,0.06503553688526154,0.017297765240073204,-0.4101170301437378,0.9183691740036011,-0.5612412095069885,-0.015080181881785393,-0.07128012180328369,-0.06584115326404572,-0.31906700134277344,0.8392835855484009,-0.5647789835929871,-0.0408032089471817
1764303144.447115,0.07664835453033447,0.03476334363222122,-0.36105477809906006,0.8611756563186646,-0.5703536868095398,0.0364454910159111,-0.07222709059715271,-0.04249713569879532,-0.31310173869132996,0.837648868560791,-0.5668091773986816,-0.01579115353524685
1764303144.4874852,0.09452712535858154,0.05194830894470215,-0.3264954090118408,0.8638381958007812,-0.5514472723007202,0.08942510187625885,-0.07356451451778412,-0.03355671837925911,-0.3075132369995117,0.8231918215751648,-0.58414226770401,-0.005710447207093239
1764303144.5278733,0.11502504348754883,0.042765069752931595,-0.34017133712768555,0.9412391185760498,-0.4954480826854706,0.10782687366008759,-0.07248865067958832,-0.05506084859371185,-0.28335773944854736,0.7629044055938721,-0.6328047513961792,-0.019612116739153862
1764303144.5683656,0.1169128343462944,0.0011698916787281632,-0.41818755865097046,1.1142730712890625,-0.3682473301887512,0.06599251925945282,-0.07540765404701233,-0.10495838522911072,-0.2260913848876953,0.6887301206588745,-0.6505440473556519,-0.06623831391334534
1764303144.6087818,0.06739770621061325,-0.07669656723737717,-0.6082956790924072,1.2895400524139404,-0.3645576238632202,-0.13424159586429596,-0.08913852274417877,-0.22057363390922546,-0.15303754806518555,0.6531069278717041,-0.596947968006134,-0.14600874483585358
1764303144.6493063,0.07057974487543106,-0.07083529978990555,-0.7432327270507812,1.1409498453140259,-0.7809223532676697,-0.13023741543293,-0.14878304302692413,-0.29104939103126526,-0.15558883547782898,0.8240640163421631,-0.5726065635681152,-0.16702675819396973
1764303144.6896896,0.11685078591108322,-0.06598975509405136,-0.5056054592132568,0.8774749040603638,-0.6345528364181519,-0.10849174112081528,-0.2537561357021332,-0.11279008537530899,-0.21210266649723053,0.966261088848114,-0.5408072471618652,-0.10232933610677719
1764303144.7301524,0.07633988559246063,0.04612157121300697,-0.24082046747207642,0.5419897437095642,-0.5935871601104736,-0.0615985244512558,-0.18499131500720978,0.014523938298225403,-0.5093812942504883,1.2838901281356812,-0.42332354187965393,-0.1603659987449646
1764303144.7707527,0.042362406849861145,0.20400044322013855,-0.24628084897994995,0.4701613187789917,-0.6424448490142822,0.07778743654489517,-0.06766312569379807,0.11083144694566727,-0.6867903470993042,1.4561326503753662,-0.20380747318267822,0.015625689178705215
1764303144.8116527,0.14944837987422943,0.3143589198589325,-0.2385929971933365,0.6955270767211914,-0.5359193682670593,0.10820041596889496,-0.05149306356906891,0.0588114857673645,-0.8431288003921509,1.3288302421569824,-0.6891360282897949,0.06094975024461746
1764303144.8520973,0.23579739034175873,0.1682451218366623,-0.27544671297073364,0.9303364157676697,-0.6464759707450867,0.17700940370559692,-0.17222338914871216,0.022712640464305878,-0.7542167901992798,0.9206268191337585,-0.71551913022995,0.09143196791410446
1764303144.8925009,0.2693590521812439,0.06074734777212143,-0.28091245889663696,0.9258424639701843,-0.6303551197052002,0.09632368385791779,-0.05904700607061386,0.04262421280145645,-0.5277655124664307,0.8306015133857727,-0.6791566610336304,0.1198553740978241
1764303144.9330206,0.2786462903022766,-0.034215908497571945,-0.2850528061389923,0.8219339847564697,-0.607507050037384,-0.03945052623748779,-0.08064905554056168,-0.038278695195913315,-0.4023958444595337,0.6803882718086243,-0.7541581988334656,0.07781963050365448
1764303144.9734042,0.23462536931037903,-0.09474632143974304,-0.307647168636322,1.0224354267120361,-0.35391461849212646,-0.19458135962486267,-0.062265705317258835,-0.1269201934337616,-0.30232515931129456,0.7118498682975769,-0.7632197737693787,-0.05187305808067322
1764303145.0138836,0.1270308643579483,-0.16830919682979584,-0.5112834572792053,1.399185061454773,-0.13026541471481323,-0.3214159309864044,-0.062149129807949066,-0.24809759855270386,-0.18350030481815338,0.6232537031173706,-0.6660580039024353,-0.15011858940124512
1764303145.054351,0.06431582570075989,-0.1424943208694458,-0.8020066022872925,1.5112345218658447,-0.21375995874404907,-0.22084742784500122,-0.12174209952354431,-0.39194178581237793,-0.12841102480888367,0.6844081282615662,-0.5219998359680176,-0.20370157063007355
1764303145.0948374,0.10161730647087097,0.0881824642419815,-0.7821555137634277,1.1717349290847778,-0.8252488374710083,-0.0396522581577301,-0.16066870093345642,-0.23390042781829834,-0.13785697519779205,0.9402540922164917,-0.5977848172187805,-0.20314686000347137
1764303145.1352632,0.15290901064872742,-0.017518050968647003,-0.5928422212600708,0.8599921464920044,-0.612526535987854,-0.07534701377153397,-0.191275492310524,-0.11737406253814697,-0.16873714327812195,0.9645728468894958,-0.5944851636886597,-0.0914430171251297
1764303145.175671,0.04764142632484436,-0.037590522319078445,-0.3302358388900757,0.6007187962532043,-0.6840587258338928,-0.03332770615816116,-0.20262427628040314,0.062024861574172974,-0.29516297578811646,0.9997231364250183,-0.46381574869155884,-0.011040406301617622
1764303145.2161639,0.007554784417152405,0.057744137942790985,-0.2660248279571533,0.5882390141487122,-0.7601867318153381,-0.011505402624607086,-0.14673122763633728,0.10813050717115402,-0.4700690805912018,1.1985912322998047,-0.32221972942352295,0.07657086104154587
1764303145.2566283,0.02169760689139366,0.1797562837600708,-0.24359148740768433,0.5214033126831055,-0.7009193301200867,0.13756075501441956,-0.06127873435616493,0.2181088626384735,-0.5679405927658081,1.388543725013733,-0.10304796695709229,0.22529785335063934
1764303145.2970147,0.14724832773208618,0.3780451714992523,-0.16707651317119598,0.6166466474533081,-0.5336726903915405,0.21216657757759094,-0.03687175735831261,0.19535613059997559,-0.777599573135376,1.530961513519287,-0.1548689603805542,0.31251853704452515
1764303145.3374126,0.1758776754140854,0.1946062296628952,-0.20138876140117645,0.9391932487487793,-0.5350159406661987,0.1596682071685791,-0.10110018402338028,-0.08789750188589096,-0.7972301244735718,1.201069951057434,-0.7947161197662354,0.01689126342535019
1764303145.3778646,0.2510601580142975,0.10881474614143372,-0.24979916214942932,1.0153549909591675,-0.5779619216918945,0.14015711843967438,-0.1509106159210205,0.006525419652462006,-0.6494154930114746,0.8883814215660095,-0.6561493873596191,0.06219255179166794
1764303145.4182851,0.22275078296661377,0.023054778575897217,-0.25861698389053345,0.9004648923873901,-0.5483684539794922,0.040566667914390564,-0.07042086124420166,-0.02426581084728241,-0.40946316719055176,0.6696252226829529,-0.6799299716949463,0.11387256532907486
1764303145.4587023,0.2213171422481537,-0.04348515346646309,-0.39112600684165955,1.074739933013916,-0.39559802412986755,-0.044688571244478226,-0.06665390729904175,-0.11380875110626221,-0.3360883295536041,0.5876225233078003,-0.7381272315979004,0.01028480939567089
1764303145.499108,0.1421280801296234,-0.12437546253204346,-0.5208717584609985,1.2828274965286255,-0.20460057258605957,-0.22554999589920044,-0.03800147399306297,-0.22114446759223938,-0.28317517042160034,0.5601837038993835,-0.7217057943344116,-0.09990044683218002
1764303145.5396237,0.05296396091580391,-0.1668010950088501,-0.7770818471908569,1.522462248802185,-0.1393088698387146,-0.2372080385684967,-0.08822572231292725,-0.3656631410121918,-0.15357209742069244,0.5691986083984375,-0.5696682929992676,-0.196694016456604
1764303145.580012,0.0723007544875145,0.05183795094490051,-0.7938166856765747,1.2205461263656616,-0.8083369731903076,-0.02386411651968956,-0.14209459722042084,-0.25342217087745667,-0.16862663626670837,0.8853242993354797,-0.6173784732818604,-0.19165894389152527
1764303145.6205156,0.14540065824985504,0.0035091033205389977,-0.6343669891357422,0.848129391670227,-0.6507826447486877,-0.07142926752567291,-0.1842198669910431,-0.12139976769685745,-0.1825712025165558,0.9179535508155823,-0.608858585357666,-0.10803265124559402
1764303145.6610346,0.05030062422156334,-0.060118746012449265,-0.36607199907302856,0.6405133605003357,-0.6923139095306396,-0.04578540474176407,-0.19800113141536713,0.06770550459623337,-0.25107234716415405,0.9471720457077026,-0.5168267488479614,-0.02250201441347599
1764303145.7014658,0.0047865137457847595,0.052612900733947754,-0.27731725573539734,0.5954996943473816,-0.7568622827529907,-0.019732492044568062,-0.17382636666297913,0.1082281693816185,-0.4367656111717224,1.150660753250122,-0.3593387305736542,0.07191860675811768
1764303145.7420478,0.0022038444876670837,0.15408070385456085,-0.2857309579849243,0.5071588158607483,-0.7054815292358398,0.07397498190402985,-0.11452643573284149,0.23593342304229736,-0.5211477875709534,1.3452167510986328,-0.15943753719329834,0.19297778606414795
1764303145.7824826,0.07811368256807327,0.3666914701461792,-0.21742010116577148,0.5196042060852051,-0.5876239538192749,0.19601978361606598,-0.03631732240319252,0.24309435486793518,-0.6891248822212219,1.5250623226165771,-0.05244535207748413,0.31440529227256775
1764303145.823001,0.18336129188537598,0.3198222219944,-0.24358439445495605,0.9006588459014893,-0.5645189881324768,0.16729871928691864,-0.10844683647155762,-0.07614251971244812,-0.8100473880767822,1.2439253330230713,-0.7876926064491272,0.04040674865245819
1764303145.8635154,0.24395045638084412,0.12349296361207962,-0.23893557488918304,1.0181926488876343,-0.6104371547698975,0.16408321261405945,-0.16890591382980347,-0.017886877059936523,-0.6669484376907349,0.8444018363952637,-0.6741424798965454,0.04722295701503754
1764303145.9040413,0.21365965902805328,0.03772589936852455,-0.24527747929096222,0.940691351890564,-0.506999135017395,0.0586419403553009,-0.07248842716217041,-0.03770548850297928,-0.38278719782829285,0.6419421434402466,-0.661210298538208,0.11790073662996292
1764303145.944545,0.20411944389343262,-0.048091646283864975,-0.4175543189048767,1.1434465646743774,-0.3417132794857025,-0.06448853015899658,-0.0716412290930748,-0.12569056451320648,-0.3170910179615021,0.5983713865280151,-0.7539687752723694,-0.01602943055331707
1764303145.9849477,0.09721986949443817,-0.1397259384393692,-0.6258969306945801,1.4186859130859375,-0.1285916566848755,-0.25263530015945435,-0.059169188141822815,-0.2603206932544708,-0.22711366415023804,0.5464547276496887,-0.6606566905975342,-0.13183048367500305
1764303146.0253947,0.06153881177306175,-0.08757492899894714,-0.8279913663864136,1.4260351657867432,-0.4931115508079529,-0.1045113131403923,-0.12148705124855042,-0.3671998977661133,-0.16515007615089417,0.7118157148361206,-0.539242148399353,-0.17610490322113037
1764303146.065863,0.1540071815252304,0.04740965738892555,-0.8018026351928711,0.9810618162155151,-0.8320014476776123,-0.05222363770008087,-0.19777657091617584,-0.2611192464828491,-0.12978795170783997,0.9588848352432251,-0.5885975360870361,-0.24810568988323212
1764303146.1063874,0.11382262408733368,-0.1061997190117836,-0.5374703407287598,0.8765085935592651,-0.5648214817047119,-0.11514373123645782,-0.2590673565864563,-0.0867953673005104,-0.17742197215557098,0.9845747351646423,-0.5479901432991028,-0.08973719924688339
1764303146.1469038,0.027225010097026825,-0.02099953591823578,-0.313122421503067,0.4932652711868286,-0.741327702999115,-0.08802484720945358,-0.21296066045761108,0.09077148139476776,-0.40014415979385376,1.0206882953643799,-0.4711446464061737,-0.0798727422952652
1764303146.1873736,-0.0229962021112442,0.08556680381298065,-0.24860458076000214,0.5178313851356506,-0.76784747838974,0.025317026302218437,-0.12050200998783112,0.1430889070034027,-0.48125433921813965,1.2446305751800537,-0.2590596675872803,0.09439390897750854
1764303146.2278905,0.05270199105143547,0.2648959159851074,-0.13554415106773376,0.5125964283943176,-0.624701738357544,0.1629556566476822,-0.03023846074938774,0.20817580819129944,-0.6662200093269348,1.535774827003479,-0.09618079662322998,0.22919438779354095
1764303146.268405,0.19106067717075348,0.3225269019603729,-0.14709153771400452,0.8655663728713989,-0.5019047260284424,0.17269551753997803,-0.0605284720659256,-0.002440262585878372,-0.8652598857879639,1.2889080047607422,-0.7773177027702332,0.07637495547533035
1764303146.3089302,0.2464732825756073,0.08970538526773453,-0.17339149117469788,1.0146853923797607,-0.57566899061203,0.1722286343574524,-0.17876815795898438,0.008530586957931519,-0.7010965347290039,0.8479629755020142,-0.6997292637825012,0.03870072215795517
1764303146.3494468,0.2576374113559723,0.014679721556603909,-0.20353855192661285,0.918454647064209,-0.524200975894928,0.0400683656334877,-0.06844493746757507,-0.020465200766921043,-0.4012264609336853,0.7125988006591797,-0.6678914427757263,0.11276794224977493
1764303146.3899632,0.2367827445268631,-0.08231901377439499,-0.3882383108139038,1.1038031578063965,-0.3700858950614929,-0.12580882012844086,-0.06763079762458801,-0.12305787950754166,-0.3157815933227539,0.6008594632148743,-0.7587741613388062,-0.004051556810736656
1764303146.430441,0.12147323787212372,-0.17240376770496368,-0.5983648300170898,1.4009860754013062,-0.14723575115203857,-0.30292806029319763,-0.04382466524839401,-0.24684706330299377,-0.23694060742855072,0.5074256062507629,-0.6953157782554626,-0.08833197504281998
1764303146.471009,0.05990257114171982,-0.16991177201271057,-0.8264026641845703,1.5691044330596924,-0.15107089281082153,-0.22288639843463898,-0.09745350480079651,-0.3920348286628723,-0.13283118605613708,0.5658718347549438,-0.5685197114944458,-0.17448639869689941
1764303146.5115337,0.07696188986301422,0.06803646683692932,-0.8084027767181396,1.2238082885742188,-0.8262841105461121,-0.020833559334278107,-0.14197039604187012,-0.2543262541294098,-0.13010244071483612,0.9030845165252686,-0.60636305809021,-0.200881227850914
1764303146.5520494,0.14906643331050873,0.00047854642616584897,-0.6502158641815186,0.8223124742507935,-0.6466220021247864,-0.055224739015102386,-0.1763538122177124,-0.10239511728286743,-0.11867880821228027,0.8975709080696106,-0.5989534854888916,-0.09857530146837234
1764303146.592441,0.030248042196035385,-0.06601224839687347,-0.3407621681690216,0.6260338425636292,-0.7031700015068054,-0.02675497718155384,-0.21048583090305328,0.09510517865419388,-0.21169908344745636,0.9480655193328857,-0.4687580466270447,0.016436219215393066
1764303146.6329486,0.01079435646533966,0.07508944720029831,-0.23788204789161682,0.5831953883171082,-0.7533854842185974,0.007809067144989967,-0.17220987379550934,0.12830525636672974,-0.44568508863449097,1.2452993392944336,-0.3121388256549835,0.12736932933330536
1764303146.6734304,0.03003355860710144,0.20668409764766693,-0.2806920111179352,0.4681933522224426,-0.707284688949585,0.09395424276590347,-0.08683802932500839,0.28306642174720764,-0.5911967754364014,1.403383731842041,-0.10607361793518066,0.2631852924823761
1764303146.7139368,0.11134377121925354,0.42638662457466125,-0.23229482769966125,0.49172866344451904,-0.5714857578277588,0.1860666126012802,-0.03366715461015701,0.22884029150009155,-0.7670745849609375,1.5516408681869507,-0.0703040361404419,0.3268737494945526
1764303146.754436,0.17770087718963623,0.3067331314086914,-0.21088264882564545,0.9010990858078003,-0.5538605451583862,0.18084515631198883,-0.1171468198299408,-0.07851490378379822,-0.8186949491500854,1.2074662446975708,-0.8006181716918945,0.016586612910032272
1764303146.7949805,0.24967685341835022,0.12798021733760834,-0.1973375380039215,1.0103973150253296,-0.6039350628852844,0.18018701672554016,-0.1698632836341858,-0.012983398512005806,-0.6730474233627319,0.8259600400924683,-0.67671799659729,0.047561194747686386
1764303146.8354347,0.2259245663881302,0.027119534090161324,-0.2222839593887329,0.9417017698287964,-0.5016523599624634,0.05472900718450546,-0.07618148624897003,-0.04364196956157684,-0.3771105706691742,0.6358419060707092,-0.6534750461578369,0.11679394543170929
1764303146.8758495,0.20637358725070953,-0.058621421456336975,-0.44025367498397827,1.1790846586227417,-0.3284026086330414,-0.07836787402629852,-0.07027590274810791,-0.12940430641174316,-0.3048015236854553,0.5761951208114624,-0.7579975724220276,-0.018443619832396507
1764303146.9162915,0.0889708623290062,-0.15736976265907288,-0.6521371006965637,1.4379770755767822,-0.11276304721832275,-0.27019035816192627,-0.05413299426436424,-0.279580295085907,-0.2430603951215744,0.5083972811698914,-0.6526018381118774,-0.10974843055009842
1764303146.9567418,0.06041959673166275,-0.09379212558269501,-0.846396803855896,1.4556406736373901,-0.4711676836013794,-0.10908616334199905,-0.1112527996301651,-0.38506656885147095,-0.1755615919828415,0.6653095483779907,-0.5586777925491333,-0.1611473262310028
1764303146.9972405,0.1453334391117096,0.05674135684967041,-0.8245885372161865,1.021485686302185,-0.847743570804596,-0.04968090355396271,-0.1927340030670166,-0.28909915685653687,-0.12408407032489777,0.950392484664917,-0.5804873704910278,-0.25820210576057434
1764303147.0377069,0.12229441851377487,-0.10093867033720016,-0.5776504278182983,0.8899843692779541,-0.5538415908813477,-0.11355626583099365,-0.2518458366394043,-0.11715111881494522,-0.16352173686027527,0.9671189188957214,-0.5668274760246277,-0.11467788368463516
1764303147.0781612,0.02872302010655403,-0.04963444173336029,-0.3303198516368866,0.49143677949905396,-0.7487988471984863,-0.09782977402210236,-0.23098240792751312,0.09835480898618698,-0.3431146442890167,0.9678478240966797,-0.49803149700164795,-0.09210234880447388
1764303147.1185863,-0.02377285063266754,0.07850334048271179,-0.24017003178596497,0.5267629027366638,-0.7693227529525757,-0.0049324845895171165,-0.14314787089824677,0.13199549913406372,-0.4653494358062744,1.2387046813964844,-0.29476064443588257,0.08035732060670853
1764303147.1590002,0.037989355623722076,0.2526608109474182,-0.1482086479663849,0.49721455574035645,-0.6559876203536987,0.15641549229621887,-0.034209832549095154,0.21970507502555847,-0.6531035900115967,1.5290417671203613,-0.089760422706604,0.22311899065971375
1764303147.1993778,0.1920866221189499,0.3594983220100403,-0.1394658088684082,0.8206443786621094,-0.4957164525985718,0.18278849124908447,-0.05530475452542305,0.025650404393672943,-0.8760557174682617,1.3275983333587646,-0.7292867302894592,0.08404400944709778
1764303147.2398157,0.24016685783863068,0.1345047950744629,-0.1544416844844818,1.0186655521392822,-0.5758575201034546,0.18512608110904694,-0.19443808495998383,-0.003233598545193672,-0.7382411956787109,0.8383535742759705,-0.7434123754501343,0.03773157298564911
1764303147.280249,0.26949506998062134,0.03482453152537346,-0.1831425279378891,0.9416791796684265,-0.52681565284729,0.06538719683885574,-0.07360263168811798,-0.00952618382871151,-0.4190496802330017,0.7429223656654358,-0.6362351179122925,0.11596868932247162
1764303147.3206944,0.2358160763978958,-0.0716838464140892,-0.3915758728981018,1.1357033252716064,-0.36253443360328674,-0.09707973152399063,-0.07640650123357773,-0.11754052340984344,-0.30527326464653015,0.5881180763244629,-0.7347400784492493,0.006639251485466957
1764303147.36111,0.11671866476535797,-0.17222784459590912,-0.6158403754234314,1.4240846633911133,-0.12530285120010376,-0.31040191650390625,-0.04205232486128807,-0.23903021216392517,-0.22540269792079926,0.5193853974342346,-0.6960773468017578,-0.10175634175539017
1764303147.401554,0.05828234925866127,-0.17863111197948456,-0.8274005651473999,1.5852092504501343,-0.1304888129234314,-0.22587135434150696,-0.09942957758903503,-0.3927150070667267,-0.11517159640789032,0.5698213577270508,-0.5633751153945923,-0.17894674837589264
1764303147.4419801,0.0681832805275917,0.06401397287845612,-0.8136988878250122,1.2289552688598633,-0.8286975622177124,-0.018449291586875916,-0.14137089252471924,-0.25415337085723877,-0.10668280720710754,0.9129488468170166,-0.5926177501678467,-0.2022138386964798
1764303147.4824224,0.15066075325012207,0.006006929092109203,-0.650090217590332,0.8142544031143188,-0.6499512791633606,-0.046462222933769226,-0.1760987937450409,-0.09104712307453156,-0.09435565769672394,0.9112775325775146,-0.5783209800720215,-0.09618417173624039
1764303147.522864,0.023737378418445587,-0.0637098029255867,-0.33152320981025696,0.6225981712341309,-0.6976004838943481,-0.02641317807137966,-0.2158910185098648,0.10222326964139938,-0.20761744678020477,0.9572646617889404,-0.45141977071762085,0.022618480026721954
1764303147.5633237,0.008188124746084213,0.07801509648561478,-0.23078568279743195,0.5771774053573608,-0.7489867806434631,0.005328686907887459,-0.17267073690891266,0.13292992115020752,-0.44958120584487915,1.2626045942306519,-0.30288901925086975,0.12643451988697052
1764303147.6037169,0.02984711155295372,0.21316614747047424,-0.281919002532959,0.4617290496826172,-0.6995458006858826,0.0894683301448822,-0.08507538586854935,0.28800255060195923,-0.5946075916290283,1.4106357097625732,-0.0948227047920227,0.26403188705444336
1764303147.6441758,0.11584846675395966,0.4254775047302246,-0.21115967631340027,0.5102127194404602,-0.5681935548782349,0.20404024422168732,-0.032546766102313995,0.22955679893493652,-0.7748122215270996,1.5545834302902222,-0.06705635786056519,0.3384082615375519
1764303147.6846611,0.17328760027885437,0.30792078375816345,-0.19223171472549438,0.8941837549209595,-0.5502417087554932,0.18706114590168,-0.10938826203346252,-0.07030067592859268,-0.8352146148681641,1.2079036235809326,-0.8039929866790771,0.009151935577392578
1764303147.7250888,0.24786889553070068,0.12788499891757965,-0.1851009875535965,0.9928861260414124,-0.6092820763587952,0.18571840226650238,-0.16848553717136383,-0.010804317891597748,-0.6854925751686096,0.8160824775695801,-0.6776199340820312,0.04546895623207092
1764303147.7656574,0.23468437790870667,0.0207967609167099,-0.2137756049633026,0.9309953451156616,-0.5105044841766357,0.05808336287736893,-0.07216192781925201,-0.04121264070272446,-0.38254842162132263,0.6240413188934326,-0.6642194986343384,0.11898037046194077
1764303147.806066,0.21082283556461334,-0.06314636021852493,-0.44199338555336,1.1984374523162842,-0.32531729340553284,-0.07154656946659088,-0.067799873650074,-0.12919694185256958,-0.29716962575912476,0.5643285512924194,-0.7584102153778076,-0.018092451617121696
1764303147.8465145,0.08833470195531845,-0.15913841128349304,-0.6588033437728882,1.4521304368972778,-0.10252910852432251,-0.27431705594062805,-0.05360758677124977,-0.28604304790496826,-0.2507915794849396,0.4930543899536133,-0.6519864797592163,-0.10097231715917587
1764303147.8869698,0.06039576977491379,-0.08506528288125992,-0.8592636585235596,1.464508295059204,-0.4969263970851898,-0.0942763090133667,-0.10391310602426529,-0.39218670129776,-0.19397680461406708,0.638098418712616,-0.5674325823783875,-0.13300436735153198
1764303147.9273787,0.1513894498348236,0.05213961750268936,-0.8352019786834717,1.0029895305633545,-0.8405783772468567,-0.05014171451330185,-0.19489888846874237,-0.2941567301750183,-0.12823714315891266,0.9437496662139893,-0.5952538847923279,-0.26485157012939453
1764303147.9678907,0.11963313072919846,-0.10810572654008865,-0.5749385356903076,0.8774929642677307,-0.5546926856040955,-0.11762800812721252,-0.2603361904621124,-0.11044840514659882,-0.1631777435541153,0.9537455439567566,-0.5760587453842163,-0.11126153916120529
1764303148.0085468,0.02605365589261055,-0.04445173591375351,-0.32285135984420776,0.47826725244522095,-0.7585013508796692,-0.1008385717868805,-0.22927910089492798,0.10183649510145187,-0.35300689935684204,0.9769765138626099,-0.5003385543823242,-0.09360732138156891
1764303148.0491831,-0.027186766266822815,0.08694189041852951,-0.22913488745689392,0.5207459330558777,-0.7709690928459167,0.008131448179483414,-0.1392671763896942,0.14305150508880615,-0.46252793073654175,1.2646093368530273,-0.27048617601394653,0.09890590608119965
1764303148.089763,0.04520731046795845,0.27042627334594727,-0.12874799966812134,0.499157190322876,-0.6398903131484985,0.15672868490219116,-0.026728076860308647,0.22376814484596252,-0.6728055477142334,1.5617917776107788,-0.08067506551742554,0.23394736647605896
1764303148.130299,0.19177363812923431,0.3503098785877228,-0.12263458967208862,0.8414525985717773,-0.4939665198326111,0.17962411046028137,-0.05424094200134277,0.01021161675453186,-0.8861157894134521,1.311596155166626,-0.7633332014083862,0.0749058872461319
1764303148.170716,0.24037085473537445,0.11556761711835861,-0.13151350617408752,1.0086629390716553,-0.5678417682647705,0.18424765765666962,-0.18561676144599915,0.01134185865521431,-0.7306259274482727,0.8300168514251709,-0.7271891832351685,0.03755888715386391
1764303148.2110965,0.2748534083366394,0.01646372117102146,-0.1641617715358734,0.926294207572937,-0.5122600197792053,0.04898817837238312,-0.07082919031381607,-0.014672460034489632,-0.4049450755119324,0.7228094935417175,-0.6480149030685425,0.11010507494211197
1764303148.2515578,0.23574073612689972,-0.09166412055492401,-0.4001079797744751,1.1754636764526367,-0.33881834149360657,-0.13108760118484497,-0.07296314835548401,-0.12524111568927765,-0.28943097591400146,0.5800097584724426,-0.7459014654159546,-0.0062416065484285355
1764303148.2919605,0.10140348970890045,-0.1881326586008072,-0.6588302850723267,1.4779456853866577,-0.09168046712875366,-0.3283168077468872,-0.04829680919647217,-0.26142382621765137,-0.22264206409454346,0.4989522099494934,-0.6765880584716797,-0.10233571380376816
1764303148.3324018,0.06312665343284607,-0.1669214814901352,-0.8440251350402832,1.5836644172668457,-0.17772376537322998,-0.2064071148633957,-0.10290871560573578,-0.40850165486335754,-0.12362904846668243,0.5760614275932312,-0.5636029243469238,-0.17180275917053223
1764303148.3728275,0.07472427934408188,0.07563916593790054,-0.8321214914321899,1.2123771905899048,-0.8430904150009155,-0.02083931863307953,-0.14643771946430206,-0.2708650231361389,-0.0928376168012619,0.9177939295768738,-0.5870016813278198,-0.22088433802127838
1764303148.4133296,0.1516728550195694,0.0028597181662917137,-0.6560900211334229,0.8008074760437012,-0.6448163986206055,-0.04637198895215988,-0.1788085401058197,-0.09656311571598053,-0.07928377389907837,0.9258173704147339,-0.5721774101257324,-0.10384169965982437
1764303148.4537935,0.02144719660282135,-0.062278155237436295,-0.3236097991466522,0.5982900261878967,-0.7062697410583496,-0.026587780565023422,-0.22071246802806854,0.10454972833395004,-0.2069436013698578,0.9598050713539124,-0.44428402185440063,0.02118498459458351
1764303148.4942892,0.005787279456853867,0.08728214353322983,-0.21530327200889587,0.5745630860328674,-0.7460092902183533,0.013138951733708382,-0.17251789569854736,0.13957762718200684,-0.44599393010139465,1.2932120561599731,-0.28365132212638855,0.13950228691101074
1764303148.5347934,0.031581226736307144,0.2354365885257721,-0.27552446722984314,0.4491557478904724,-0.690416693687439,0.09701252728700638,-0.07301600277423859,0.3006620705127716,-0.6094971895217896,1.4358274936676025,-0.06465190649032593,0.279949426651001
1764303148.5752864,0.12876740097999573,0.4443923234939575,-0.19746269285678864,0.5186585783958435,-0.5656121969223022,0.21229296922683716,-0.03450895845890045,0.2194194197654724,-0.8035436868667603,1.5519623756408691,-0.11087864637374878,0.32258525490760803
1764303148.615791,0.17280422151088715,0.2916557490825653,-0.17125606536865234,0.9152182936668396,-0.5330013632774353,0.19483135640621185,-0.11136500537395477,-0.07690730690956116,-0.8309742212295532,1.1853690147399902,-0.8160346150398254,0.007782137021422386
1764303148.6562743,0.2492772340774536,0.1259574145078659,-0.1668585240840912,1.009629726409912,-0.5891850590705872,0.18370458483695984,-0.16299954056739807,-0.004614450037479401,-0.6734799742698669,0.8252493143081665,-0.6737338304519653,0.05034055560827255
1764303148.6967607,0.2341691255569458,0.014844545163214207,-0.20842216908931732,0.9366912245750427,-0.4970467686653137,0.050143323838710785,-0.0740012675523758,-0.0446142740547657,-0.37299883365631104,0.6239819526672363,-0.6555184125900269,0.11467442661523819
1764303148.737247,0.20716796815395355,-0.06799262017011642,-0.45914044976234436,1.2173635959625244,-0.31783488392829895,-0.08508244901895523,-0.06768529117107391,-0.1335061490535736,-0.2944997549057007,0.551108717918396,-0.7620961666107178,-0.017659040167927742
1764303148.7777438,0.0794580727815628,-0.1686161309480667,-0.6751303672790527,1.4574275016784668,-0.09392356872558594,-0.2744675874710083,-0.04599473625421524,-0.29111963510513306,-0.2499343603849411,0.48491013050079346,-0.651164174079895,-0.09896334260702133
1764303148.8182523,0.05619636923074722,-0.08925104141235352,-0.8679863214492798,1.4642350673675537,-0.49749982357025146,-0.10273095965385437,-0.10335433483123779,-0.3956563174724579,-0.18668639659881592,0.6331201791763306,-0.5772175788879395,-0.145696759223938
1764303148.8587403,0.15116830170154572,0.05472172051668167,-0.8437520265579224,1.004409670829773,-0.8420234322547913,-0.04651863873004913,-0.19585776329040527,-0.30078408122062683,-0.1333213448524475,0.9283466339111328,-0.6057285070419312,-0.2660868167877197
1764303148.8992426,0.11773498356342316,-0.1060190200805664,-0.5812784433364868,0.8735076189041138,-0.5542557835578918,-0.11727500706911087,-0.26167789101600647,-0.11068147420883179,-0.16728903353214264,0.9350277185440063,-0.5905129909515381,-0.11288737505674362
1764303148.9397774,0.023389145731925964,-0.046278439462184906,-0.3228105902671814,0.4652553200721741,-0.7696477770805359,-0.10861193388700485,-0.23438242077827454,0.10908261686563492,-0.350105881690979,0.9675736427307129,-0.5137921571731567,-0.09760796278715134
1764303148.980197,-0.031743861734867096,0.09140973538160324,-0.22374901175498962,0.5093644857406616,-0.7699769735336304,0.0010236548259854317,-0.14674028754234314,0.1519811749458313,-0.4572814106941223,1.2712630033493042,-0.2714930772781372,0.09798644483089447
1764303149.020601,0.03656204044818878,0.2795839309692383,-0.13174816966056824,0.4849986433982849,-0.6441759467124939,0.14394639432430267,-0.027818314731121063,0.22878193855285645,-0.6775274276733398,1.5729191303253174,-0.078258216381073,0.22781331837177277
1764303149.0610902,0.18634164333343506,0.3586888313293457,-0.11749711632728577,0.8212230801582336,-0.5008071660995483,0.17884618043899536,-0.051097579300403595,0.011892590671777725,-0.8974578380584717,1.315489649772644,-0.7602996230125427,0.0708770677447319
1764303149.1015167,0.23818296194076538,0.12405192852020264,-0.11698529124259949,0.9950114488601685,-0.5711766481399536,0.189503476023674,-0.18437263369560242,0.01441715657711029,-0.7431749105453491,0.8297134637832642,-0.7312309145927429,0.03860209137201309
1764303149.1420357,0.2861102223396301,0.013940838165581226,-0.14632876217365265,0.9038785696029663,-0.5192802548408508,0.053717240691185,-0.0635119080543518,-0.005125982686877251,-0.41533932089805603,0.7107958197593689,-0.6633688807487488,0.10358082503080368
1764303149.182483,0.2389007955789566,-0.10329148173332214,-0.40308472514152527,1.2186267375946045,-0.3286648988723755,-0.12878665328025818,-0.0725511834025383,-0.12566816806793213,-0.2653866708278656,0.5532706379890442,-0.7419244050979614,-0.006954433396458626
1764303149.222979,0.08945316076278687,-0.19847938418388367,-0.6902242302894592,1.5267131328582764,-0.05362755060195923,-0.3340936601161957,-0.0487116314470768,-0.2784511148929596,-0.21716941893100739,0.47930365800857544,-0.6685384511947632,-0.10158652812242508
1764303149.263427,0.06676745414733887,-0.1594507098197937,-0.8732221126556396,1.5927826166152954,-0.23671585321426392,-0.19122633337974548,-0.10292461514472961,-0.42042145133018494,-0.12318135797977448,0.5658735036849976,-0.578965425491333,-0.16023528575897217
1764303149.3039207,0.08137062191963196,0.08523005247116089,-0.8702429533004761,1.200299859046936,-0.862297773361206,-0.02026638388633728,-0.15155106782913208,-0.3028118908405304,-0.06748831272125244,0.9122638702392578,-0.574984073638916,-0.239376500248909
1764303149.3443837,0.1505931168794632,0.00031261920230463147,-0.669678270816803,0.7830853462219238,-0.6413976550102234,-0.043650757521390915,-0.18255646526813507,-0.10077672451734543,-0.044382333755493164,0.9285988807678223,-0.5614755749702454,-0.11441922932863235
1764303149.3849697,0.016742903739213943,-0.05756782367825508,-0.3091140687465668,0.5700689554214478,-0.7178584933280945,-0.023907367140054703,-0.2302219718694687,0.11258714646100998,-0.2017679512500763,0.9744574427604675,-0.4285995066165924,0.024409841746091843
1764303149.4253774,0.0018497928977012634,0.10076584666967392,-0.1927463561296463,0.5556466579437256,-0.737562358379364,0.009541362524032593,-0.17441721260547638,0.15824297070503235,-0.4435177743434906,1.3351637125015259,-0.2591314911842346,0.15047505497932434
1764303149.4659054,0.033725205808877945,0.2701662480831146,-0.25068333745002747,0.43327826261520386,-0.6875589489936829,0.11309054493904114,-0.05422024056315422,0.3130943179130554,-0.6394712924957275,1.4843943119049072,-0.02000284194946289,0.2995672821998596
1764303149.506286,0.14658692479133606,0.4736330807209015,-0.17423419654369354,0.5299111604690552,-0.5567806363105774,0.2200278639793396,-0.03450348228216171,0.198318213224411,-0.8467864990234375,1.5387320518493652,-0.20685607194900513,0.275074303150177
1764303149.5466654,0.17846529185771942,0.3245287835597992,-0.11711353063583374,0.924535870552063,-0.5104609727859497,0.2255413681268692,-0.1214544028043747,-0.06085056811571121,-0.8640913963317871,1.1532986164093018,-0.8518482446670532,0.012104405090212822
1764303149.5871775,0.25814950466156006,0.13414354622364044,-0.10188424587249756,1.0274596214294434,-0.5681307911872864,0.20242643356323242,-0.1576736867427826,0.010222293436527252,-0.6762473583221436,0.8135111331939697,-0.6680012941360474,0.054172687232494354
1764303149.6276917,0.24597111344337463,-0.00712590804323554,-0.18683257699012756,0.9674144983291626,-0.4618440866470337,0.03955090045928955,-0.07400103658437729,-0.051288504153490067,-0.35069847106933594,0.5999404191970825,-0.6459159851074219,0.10466325283050537
1764303149.6680853,0.20154044032096863,-0.08396109938621521,-0.497430682182312,1.2815839052200317,-0.2835465371608734,-0.1332249641418457,-0.0691683292388916,-0.14362433552742004,-0.2872889041900635,0.5382416248321533,-0.7717651128768921,-0.028224455192685127
1764303149.7085774,0.053267259150743484,-0.19618695974349976,-0.7286149263381958,1.5126596689224243,-0.04587757587432861,-0.2789078652858734,-0.03601866215467453,-0.310724675655365,-0.22397704422473907,0.47773581743240356,-0.6422985196113586,-0.10905607789754868
1764303149.7491207,0.04948636516928673,-0.07802093774080276,-0.8990727663040161,1.4458898305892944,-0.574759840965271,-0.091768279671669,-0.11115595698356628,-0.40209946036338806,-0.1731114685535431,0.6557254791259766,-0.5815564393997192,-0.1586262732744217
1764303149.7894993,0.15930543839931488,0.05112851783633232,-0.8480401039123535,0.9470028877258301,-0.8234586715698242,-0.039192140102386475,-0.19859415292739868,-0.2871050536632538,-0.12134741246700287,0.919605016708374,-0.6091370582580566,-0.2573363780975342
1764303149.8298862,0.09930676966905594,-0.12170650064945221,-0.5609643459320068,0.8235872983932495,-0.5719187259674072,-0.12518854439258575,-0.27226144075393677,-0.06895405054092407,-0.14722201228141785,0.900631308555603,-0.5908028483390808,-0.10446640104055405
1764303149.8702662,0.020459916442632675,-0.015445977449417114,-0.29355689883232117,0.47051310539245605,-0.769132137298584,-0.0986897200345993,-0.2268172651529312,0.10560504347085953,-0.38010212779045105,1.0270613431930542,-0.5039348006248474,-0.07574395835399628
1764303149.9106655,-0.03742654621601105,0.11049806326627731,-0.21841758489608765,0.4672466516494751,-0.7562793493270874,-0.004401753656566143,-0.14385534822940826,0.19111815094947815,-0.4849533438682556,1.3093585968017578,-0.22819006443023682,0.11025766283273697
1764303149.9511738,0.039146214723587036,0.30783289670944214,-0.1108388751745224,0.48526304960250854,-0.6076662540435791,0.1322695016860962,-0.02305537275969982,0.2169594168663025,-0.7095834016799927,1.613463044166565,-0.07363581657409668,0.22928982973098755
1764303149.991643,0.18482139706611633,0.2869265675544739,-0.11438226699829102,0.9345617890357971,-0.4609197974205017,0.16883747279644012,-0.050867293030023575,-0.038762688636779785,-0.8353122472763062,1.2604374885559082,-0.806273341178894,0.08249381184577942
1764303150.0321503,0.2431308776140213,0.060752782970666885,-0.13989175856113434,1.0488227605819702,-0.5172148942947388,0.16195562481880188,-0.16614390909671783,0.017039868980646133,-0.6618968844413757,0.8450673818588257,-0.7012541890144348,0.04000444710254669
1764303150.0725183,0.24956114590168,0.004986823536455631,-0.1851826161146164,0.9541974663734436,-0.46717679500579834,0.014791546389460564,-0.0822572261095047,-0.03370451554656029,-0.36848950386047363,0.7269254922866821,-0.6232525110244751,0.10268169641494751
1764303150.1130345,0.21470554172992706,-0.08068586885929108,-0.4087013602256775,1.1382172107696533,-0.3402020037174225,-0.1615510731935501,-0.0795181542634964,-0.13820752501487732,-0.32041555643081665,0.6144750118255615,-0.737743079662323,-0.011177444830536842
1764303150.1535337,0.10879123210906982,-0.17070883512496948,-0.6094022989273071,1.3681179285049438,-0.12777209281921387,-0.334975928068161,-0.04751411825418472,-0.24079498648643494,-0.23593957722187042,0.5723701119422913,-0.6771432757377625,-0.13593550026416779
1764303150.1940455,0.05767088755965233,-0.1457861363887787,-0.7747644782066345,1.5101794004440308,-0.1464861035346985,-0.23733016848564148,-0.1294655054807663,-0.38650476932525635,-0.16224758327007294,0.6557292342185974,-0.5033469796180725,-0.20708134770393372
1764303150.2344408,0.09885384142398834,0.0799601599574089,-0.7411495447158813,1.1865973472595215,-0.8229665160179138,-0.03579845279455185,-0.1688191294670105,-0.22729277610778809,-0.17075110971927643,0.9866790771484375,-0.5613399744033813,-0.20224708318710327
1764303150.2748256,0.16325074434280396,0.004784065764397383,-0.5742331743240356,0.8771804571151733,-0.6206883192062378,-0.07091686129570007,-0.19600461423397064,-0.1051778793334961,-0.21581825613975525,1.0577521324157715,-0.5464520454406738,-0.08443344384431839
1764303150.3152,0.08631908893585205,-0.03630414605140686,-0.3726060390472412,0.7149624824523926,-0.6147849559783936,-0.0325436145067215,-0.17821234464645386,0.03293587267398834,-0.3056269884109497,1.008805274963379,-0.4939737021923065,0.015812892466783524
1764303150.3555734,0.06784462183713913,0.024588391184806824,-0.39332878589630127,0.6801080703735352,-0.695766806602478,-0.05095049738883972,-0.15244290232658386,0.08714544773101807,-0.42935535311698914,0.9970993995666504,-0.4660109281539917,0.06759525090456009
1764303150.396077,0.0905386209487915,0.03333059698343277,-0.35469645261764526,0.838260293006897,-0.5764405727386475,0.04529312998056412,-0.16495952010154724,0.059692732989788055,-0.33185312151908875,1.0152912139892578,-0.3092450499534607,0.2002757340669632
1764303150.436595,0.12265999615192413,0.0943935289978981,-0.28327417373657227,0.8866679072380066,-0.5445624589920044,0.07226527482271194,-0.1334001123905182,0.04994578659534454,-0.3642676770687103,1.151233196258545,-0.2431294322013855,0.2435705065727234
1764303150.477164,0.19025948643684387,0.16049441695213318,-0.32395827770233154,0.8496466875076294,-0.5171346664428711,0.13166683912277222,-0.07562203705310822,0.08175814896821976,-0.5263606309890747,1.2255363464355469,-0.2990749478340149,0.24438931047916412
1764303150.5175877,0.23619435727596283,0.2036491185426712,-0.45872050523757935,0.9953991770744324,-0.5638840198516846,0.1137893795967102,-0.1304590404033661,-0.03640580549836159,-0.6255382299423218,1.1113626956939697,-0.6688695549964905,0.08607134222984314
1764303150.558057,0.18704578280448914,0.09458655118942261,-0.5173321962356567,1.1291983127593994,-0.6709743142127991,0.09769996255636215,-0.1168442815542221,-0.02233983762562275,-0.5393242239952087,1.0111342668533325,-0.6038486361503601,0.04920109361410141
1764303150.5984504,0.14152470231056213,0.0660814642906189,-0.46207016706466675,1.0181506872177124,-0.637273907661438,0.015628917142748833,-0.09467213600873947,-0.022418789565563202,-0.4747980237007141,0.9143662452697754,-0.5329021215438843,0.02659570798277855
1764303150.6388564,0.15289399027824402,0.060903195291757584,-0.43710559606552124,0.9289966225624084,-0.6252555847167969,-0.049998775124549866,-0.10251300036907196,-0.03541535139083862,-0.4622188210487366,0.9437741041183472,-0.5703831315040588,0.009526349604129791
1764303150.6793733,0.14848190546035767,0.06091185286641121,-0.42129427194595337,0.9616249203681946,-0.6232236623764038,-0.0034760301932692528,-0.10961399972438812,-0.047789786010980606,-0.4341212511062622,0.9622205495834351,-0.5300800800323486,0.02536412701010704
1764303150.7198641,0.1569555103778839,0.06139831990003586,-0.423473596572876,0.9539611339569092,-0.6181416511535645,0.0018189121037721634,-0.10221238434314728,-0.040699537843465805,-0.4370349943637848,0.9800958633422852,-0.5506184101104736,0.024403290823101997
1764303150.760356,0.159431591629982,0.05771226808428764,-0.4326121211051941,0.9671889543533325,-0.6251564025878906,0.011756721884012222,-0.10477431118488312,-0.043410442769527435,-0.44290614128112793,0.9803237915039062,-0.5552046298980713,0.024649973958730698
1764303150.8007817,0.16147223114967346,0.05665437504649162,-0.4363735318183899,0.9699208736419678,-0.628304123878479,0.009878486394882202,-0.10248371958732605,-0.04379178583621979,-0.44727879762649536,0.9839024543762207,-0.56300288438797,0.020865589380264282
1764303150.8412714,0.16219045221805573,0.054142940789461136,-0.4389605224132538,0.9740159511566162,-0.6304388642311096,0.008656103163957596,-0.10279305279254913,-0.04613230749964714,-0.44974011182785034,0.9859588146209717,-0.5649377107620239,0.02009131759405136
1764303150.8816602,0.16280919313430786,0.05088084191083908,-0.4410262405872345,0.9734522104263306,-0.6323445439338684,0.005570543929934502,-0.10246513783931732,-0.047513917088508606,-0.45160767436027527,0.986668586730957,-0.5675755143165588,0.019482068717479706
1764303150.922128,0.16277699172496796,0.04820134490728378,-0.4418664276599884,0.9732396006584167,-0.6337637901306152,0.0034944284707307816,-0.10229229927062988,-0.04902108013629913,-0.45195239782333374,0.9862192273139954,-0.5674182176589966,0.019390054047107697
1764303150.9625177,0.1624801903963089,0.04674414172768593,-0.4414023756980896,0.9727957844734192,-0.6339219808578491,0.0019275937229394913,-0.10173891484737396,-0.050181418657302856,-0.4512951076030731,0.986039400100708,-0.5662211775779724,0.01941514201462269
1764303151.0028982,0.161977618932724,0.04613276198506355,-0.44037050008773804,0.9727860689163208,-0.6336632966995239,0.0010892786085605621,-0.10122121125459671,-0.05125418305397034,-0.4501681923866272,0.9858793020248413,-0.5643130540847778,0.01955898106098175
1764303151.0434158,0.16157028079032898,0.04582710191607475,-0.43944188952445984,0.9725699424743652,-0.6332594752311707,0.0004740990698337555,-0.1007053554058075,-0.052029818296432495,-0.4492897391319275,0.9858278036117554,-0.5629835724830627,0.019763406366109848
1764303151.0838397,0.1613442301750183,0.04551826789975166,-0.439024955034256,0.9721998572349548,-0.6331863403320312,9.263772517442703e-05,-0.10037631541490555,-0.05256149172782898,-0.44892218708992004,0.9856486320495605,-0.5624129772186279,0.020010890439152718
1764303151.1244023,0.16128680109977722,0.0452839694917202,-0.4389616847038269,0.9718016386032104,-0.6333228349685669,-2.9911287128925323e-05,-0.10021255165338516,-0.0528317466378212,-0.44894757866859436,0.9855893850326538,-0.5623942613601685,0.02026037871837616
1764303151.1649115,0.16133327782154083,0.04516485333442688,-0.43891820311546326,0.9716854691505432,-0.6334219574928284,0.00012065470218658447,-0.10010121762752533,-0.05302213132381439,-0.44908034801483154,0.9857622385025024,-0.5623583793640137,0.020475655794143677
1764303151.2053072,0.1614118069410324,0.045190680772066116,-0.43875551223754883,0.9717469215393066,-0.6333922147750854,0.00043728575110435486,-0.09999686479568481,-0.05317404866218567,-0.44916296005249023,0.9861057996749878,-0.5621716976165771,0.020681245252490044
1764303151.2457078,0.16151440143585205,0.04526539519429207,-0.43861454725265503,0.9717629551887512,-0.6333684921264648,0.0008174916729331017,-0.09994257986545563,-0.05326813831925392,-0.449277400970459,0.9864338636398315,-0.5620477199554443,0.02089563012123108
1764303151.2864,0.16163906455039978,0.04536003619432449,-0.43849068880081177,0.9717632532119751,-0.6333680748939514,0.0012258980423212051,-0.09992709755897522,-0.053330160677433014,-0.4494132995605469,0.9867299795150757,-0.5619468688964844,0.021093979477882385
1764303151.3268566,0.1617709994316101,0.045469071716070175,-0.43836718797683716,0.9717482328414917,-0.6333983540534973,0.0016343723982572556,-0.09992513060569763,-0.05337990075349808,-0.44954872131347656,0.9869822263717651,-0.5618435144424438,0.02127561718225479
1764303151.3674347,0.1619129627943039,0.04558001831173897,-0.43826451897621155,0.9716895222663879,-0.6334567070007324,0.002030409872531891,-0.09993736445903778,-0.053409166634082794,-0.44970062375068665,0.9871959090232849,-0.5617809295654297,0.021453915163874626
1764303151.407974,0.16206079721450806,0.04570864140987396,-0.4381766617298126,0.9715823531150818,-0.6334460377693176,0.002411983907222748,-0.09998969733715057,-0.05336663872003555,-0.4498564600944519,0.987468957901001,-0.561764121055603,0.02166464552283287
1764303151.4484715,0.16228795051574707,0.04581320285797119,-0.4381708800792694,0.9713806509971619,-0.6333410143852234,0.002669192850589752,-0.10013317316770554,-0.05324693024158478,-0.45013701915740967,0.9878474473953247,-0.562024712562561,0.02199309691786766
1764303151.4889247,0.16251857578754425,0.045819807797670364,-0.43823617696762085,0.9712891578674316,-0.6333199143409729,0.002916105091571808,-0.10033677518367767,-0.05317985266447067,-0.45045796036720276,0.9881626963615417,-0.5622873306274414,0.02228580042719841
1764303151.5292966,0.16271643340587616,0.04582123085856438,-0.43822237849235535,0.971265435218811,-0.633223831653595,0.0031086616218090057,-0.1005188524723053,-0.05313858389854431,-0.4506869316101074,0.9885269999504089,-0.5624209642410278,0.022529026493430138
1764303151.5698173,0.16287025809288025,0.04579866677522659,-0.438180148601532,0.971242368221283,-0.6331466436386108,0.003241324797272682,-0.10068655014038086,-0.0531395748257637,-0.45084649324417114,0.9888161420822144,-0.5624709129333496,0.0227496400475502
1764303151.6103637,0.16299471259117126,0.04576309397816658,-0.4381266236305237,0.9712048768997192,-0.6331338882446289,0.003307979553937912,-0.10081935673952103,-0.05317730829119682,-0.4509534239768982,0.9890120029449463,-0.5624631643295288,0.022938275709748268
1764303151.6508129,0.1631012260913849,0.04571085050702095,-0.43809017539024353,0.9711287617683411,-0.6331241726875305,0.003307932987809181,-0.10094869136810303,-0.05321294814348221,-0.4510478079319,0.9891642928123474,-0.5624746084213257,0.023115431889891624
1764303151.6912057,0.16317212581634521,0.04564623907208443,-0.43805086612701416,0.9710739850997925,-0.633140504360199,0.00325598381459713,-0.10106717050075531,-0.05326785892248154,-0.45110809803009033,0.989252507686615,-0.5624372959136963,0.023270636796951294
1764303151.7316558,0.16321614384651184,0.04557688534259796,-0.43802422285079956,0.9709892272949219,-0.6331354379653931,0.003163568675518036,-0.1011856347322464,-0.05330158397555351,-0.4511556029319763,0.9893276691436768,-0.5624229907989502,0.0234292633831501
1764303151.7720425,0.1632436364889145,0.04550129547715187,-0.4380044937133789,0.9709072113037109,-0.6331201791763306,0.003050806000828743,-0.10131015628576279,-0.053329817950725555,-0.4511956572532654,0.989391565322876,-0.5624067187309265,0.023582983762025833
1764303151.8124251,0.16325177252292633,0.045428793877363205,-0.4379802942276001,0.9708356857299805,-0.6330831050872803,0.0029313750565052032,-0.10143690556287766,-0.0533490926027298,-0.4512181878089905,0.9894558787345886,-0.5623772144317627,0.023731987923383713
1764303151.8528059,0.16325731575489044,0.045354101806879044,-0.43795955181121826,0.970751166343689,-0.6330486536026001,0.0027960985898971558,-0.10156016796827316,-0.053368814289569855,-0.45124173164367676,0.989513099193573,-0.5623592138290405,0.023874815553426743
1764303151.893221,0.16325268149375916,0.04528166353702545,-0.437934935092926,0.9706815481185913,-0.6330006718635559,0.0026657134294509888,-0.1016855239868164,-0.05338568985462189,-0.45125338435173035,0.9895702004432678,-0.5623267889022827,0.02401265874505043
1764303151.9336736,0.16324348747730255,0.045212335884571075,-0.43790969252586365,0.9706069827079773,-0.6329450011253357,0.002532605081796646,-0.10180985927581787,-0.05339749902486801,-0.4512619376182556,0.9896278977394104,-0.5622996091842651,0.02414720319211483
1764303151.9741511,0.1632326990365982,0.045143648982048035,-0.4378848969936371,0.970533013343811,-0.6328859329223633,0.0024002082645893097,-0.1019347608089447,-0.05340828746557236,-0.45126983523368835,0.9896841645240784,-0.5622742176055908,0.024277502670884132
1764303152.0145478,0.16322314739227295,0.04507538303732872,-0.43785935640335083,0.970458984375,-0.6328272223472595,0.0022678785026073456,-0.10205694288015366,-0.05342083424329758,-0.45127740502357483,0.989739179611206,-0.562250554561615,0.024401560425758362
1764303152.0550482,0.16321203112602234,0.0450112409889698,-0.437831312417984,0.9703903794288635,-0.6327625513076782,0.002143844962120056,-0.10217870771884918,-0.05343138426542282,-0.451280802488327,0.9897974133491516,-0.5622230768203735,0.02452327497303486
1764303152.0955095,0.16320045292377472,0.04495212435722351,-0.437801331281662,0.9703230261802673,-0.6326918601989746,0.0020257774740457535,-0.10230030119419098,-0.053438328206539154,-0.45128268003463745,0.989858865737915,-0.5621968507766724,0.024642903357744217
1764303152.135995,0.16318732500076294,0.04489355906844139,-0.43777191638946533,0.9702595472335815,-0.6326261758804321,0.0019096080213785172,-0.10241945087909698,-0.0534469336271286,-0.4512832760810852,0.9899121522903442,-0.5621681809425354,0.024754393845796585
1764303152.1764832,0.16317221522331238,0.04484168067574501,-0.4377422034740448,0.970194399356842,-0.6325551867485046,0.0018022116273641586,-0.10253848135471344,-0.05344913899898529,-0.4512820839881897,0.9899704456329346,-0.5621430277824402,0.02486732415854931
1764303152.2169244,0.16315826773643494,0.04478934034705162,-0.43771493434906006,0.9701308012008667,-0.6324926018714905,0.001695144921541214,-0.10265462100505829,-0.053453460335731506,-0.4512835144996643,0.9900210499763489,-0.5621193647384644,0.02497137524187565
1764303152.2574496,0.1631445586681366,0.04474157094955444,-0.43768560886383057,0.9700698256492615,-0.6324281692504883,0.001594027504324913,-0.1027681902050972,-0.05345684289932251,-0.45128321647644043,0.9900753498077393,-0.5620948672294617,0.02507353387773037
1764303152.2978697,0.1631321758031845,0.04469791427254677,-0.43765607476234436,0.9700102210044861,-0.6323590278625488,0.0015002302825450897,-0.1028824895620346,-0.05345660448074341,-0.45128366351127625,0.9901353120803833,-0.5620732307434082,0.025174757465720177
1764303152.3382676,0.16312101483345032,0.04465767741203308,-0.43762528896331787,0.9699561595916748,-0.6322849988937378,0.0014134645462036133,-0.10299769043922424,-0.0534546822309494,-0.45128366351127625,0.9902000427246094,-0.562050998210907,0.025272754952311516
1764303152.3787088,0.16311010718345642,0.044619474560022354,-0.4375942051410675,0.9699050784111023,-0.6322102546691895,0.001330370083451271,-0.10311292856931686,-0.05345218628644943,-0.4512830376625061,0.9902656078338623,-0.5620288848876953,0.025366805493831635
1764303152.4191267,0.16309890151023865,0.04458282142877579,-0.43756377696990967,0.9698550701141357,-0.6321366429328918,0.0012493859976530075,-0.10322768986225128,-0.0534491166472435,-0.45128196477890015,0.9903302192687988,-0.5620074272155762,0.02545781433582306
1764303152.4595153,0.16308753192424774,0.04454633593559265,-0.4375360608100891,0.9698041677474976,-0.6320669054985046,0.0011694282293319702,-0.10334211587905884,-0.05344487354159355,-0.45128196477890015,0.9903920292854309,-0.5619890093803406,0.025546230375766754
1764303152.499925,0.16307596862316132,0.04450991004705429,-0.43751204013824463,0.9697517156600952,-0.6320018768310547,0.0010902676731348038,-0.10345608741044998,-0.05343921482563019,-0.4512839913368225,0.9904506206512451,-0.5619753003120422,0.02563244290649891
1764303152.5404494,0.16306374967098236,0.0444742813706398,-0.4374896287918091,0.9697004556655884,-0.6319388747215271,0.0010123299434781075,-0.10356908291578293,-0.05343226343393326,-0.4512866735458374,0.9905080199241638,-0.5619626641273499,0.025716930627822876
1764303152.5808465,0.16305062174797058,0.04444003105163574,-0.43746766448020935,0.9696505069732666,-0.6318765878677368,0.0009353943169116974,-0.10368059575557709,-0.05342438444495201,-0.45128923654556274,0.99056476354599,-0.5619504451751709,0.025800099596381187
1764303152.621317,0.1630367636680603,0.04440723732113838,-0.43744581937789917,0.9696012735366821,-0.6318142414093018,0.000859508290886879,-0.10379064083099365,-0.0534156933426857,-0.4512913227081299,0.9906207919120789,-0.561938464641571,0.02588202804327011
1764303152.6618161,0.16302217543125153,0.044375721365213394,-0.43742382526397705,0.9695534110069275,-0.6317518949508667,0.0007846476510167122,-0.10389941930770874,-0.05340644344687462,-0.4512929320335388,0.9906759262084961,-0.5619262456893921,0.02596285752952099
1764303152.7023578,0.16300702095031738,0.04434572160243988,-0.43740177154541016,0.9695064425468445,-0.6316894292831421,0.0007106512784957886,-0.10400691628456116,-0.05339664965867996,-0.4512941241264343,0.9907302856445312,-0.5619142055511475,0.02604229748249054
1764303152.7427914,0.16299037635326385,0.04431838542222977,-0.4373772442340851,0.9694623947143555,-0.6316240429878235,0.0006385976448655128,-0.10411271452903748,-0.05338628590106964,-0.4512922167778015,0.9907850027084351,-0.5618981122970581,0.026120861992239952
1764303152.7832122,0.1629721075296402,0.0442940816283226,-0.4373500943183899,0.9694206714630127,-0.6315563917160034,0.0005679931491613388,-0.10421709716320038,-0.053375668823719025,-0.45128750801086426,0.9908393621444702,-0.561878502368927,0.02619856409728527
1764303152.823612,0.16295316815376282,0.044272083789110184,-0.4373215138912201,0.9693789482116699,-0.6314874887466431,0.000497991219162941,-0.10432037711143494,-0.053364478051662445,-0.4512813687324524,0.9908928871154785,-0.5618578791618347,0.026275359094142914
1764303152.8640373,0.16293366253376007,0.04425174370408058,-0.43729227781295776,0.9693379998207092,-0.6314188838005066,0.0004289252683520317,-0.10442300885915756,-0.05335308611392975,-0.45127439498901367,0.9909449815750122,-0.5618369579315186,0.02635110728442669
1764303152.904458,0.1629139482975006,0.04423300549387932,-0.4372626543045044,0.9692975282669067,-0.6313507556915283,0.00036073755472898483,-0.10452471673488617,-0.05334137752652168,-0.4512668251991272,0.9909961223602295,-0.5618159174919128,0.026425493881106377
1764303152.944989,0.16289398074150085,0.04421544447541237,-0.4372328519821167,0.9692577719688416,-0.6312836408615112,0.00029363110661506653,-0.10462553799152374,-0.053329531103372574,-0.4512590169906616,0.9910463094711304,-0.561794638633728,0.026498571038246155
1764303152.9855173,0.16287410259246826,0.04419923946261406,-0.4372028112411499,0.9692186117172241,-0.631217360496521,0.00022742990404367447,-0.10472537577152252,-0.05331740528345108,-0.45125097036361694,0.991095781326294,-0.5617737174034119,0.0265702735632658
1764303153.0259142,0.16285407543182373,0.04418429732322693,-0.43717262148857117,0.9691801071166992,-0.6311520934104919,0.00016251485794782639,-0.10482428967952728,-0.053305163979530334,-0.45124274492263794,0.9911444187164307,-0.5617525577545166,0.026640789583325386
1764303153.0662985,0.16283419728279114,0.04417049139738083,-0.4371422827243805,0.9691420197486877,-0.6310874819755554,9.857676923274994e-05,-0.10492224246263504,-0.0532926470041275,-0.4512344002723694,0.9911923408508301,-0.5617316961288452,0.02670992538332939
1764303153.1067502,0.16281431913375854,0.04415786638855934,-0.43711182475090027,0.9691045880317688,-0.631023645401001,3.5628676414489746e-05,-0.10501937568187714,-0.05328001454472542,-0.4512258768081665,0.9912395477294922,-0.5617108345031738,0.02677782066166401
1764303153.1471562,0.16279444098472595,0.04414626583456993,-0.4370812177658081,0.9690676927566528,-0.6309605836868286,-2.6380643248558044e-05,-0.10511559247970581,-0.05326719954609871,-0.45121732354164124,0.9912862181663513,-0.5616902709007263,0.026844531297683716
1764303153.1875422,0.1627746969461441,0.04413560777902603,-0.4370504915714264,0.9690313935279846,-0.6308982372283936,-8.749403059482574e-05,-0.10521095246076584,-0.05325426906347275,-0.4512087106704712,0.9913321733474731,-0.5616697072982788,0.026909908279776573
1764303153.228082,0.16275495290756226,0.04412572830915451,-0.43701982498168945,0.9689955115318298,-0.6308364272117615,-0.00014780089259147644,-0.10530544072389603,-0.05324123799800873,-0.45120006799697876,0.9913774132728577,-0.5616493225097656,0.02697409875690937
1764303153.27508,0.16273531317710876,0.04411673545837402,-0.4369887113571167,0.968960165977478,-0.6307755708694458,-0.00020766351372003555,-0.10539887100458145,-0.053228385746479034,-0.4511910080909729,0.9914218187332153,-0.5616286993026733,0.02703707665205002
1764303153.315465,0.16271547973155975,0.04410848021507263,-0.4369574785232544,0.9689251184463501,-0.6307153701782227,-0.00026735570281744003,-0.10549132525920868,-0.053215522319078445,-0.4511817991733551,0.9914653301239014,-0.561608076095581,0.027099160477519035
1764303153.3559563,0.16269567608833313,0.04410092160105705,-0.43692630529403687,0.9688900709152222,-0.6306560039520264,-0.0003266725689172745,-0.10558299720287323,-0.053202494978904724,-0.45117270946502686,0.9915080666542053,-0.561587929725647,0.027160372585058212
1764303153.396485,0.16267603635787964,0.044093988835811615,-0.4368951916694641,0.9688552021980286,-0.6305969953536987,-0.0003854697570204735,-0.1056738942861557,-0.053189195692539215,-0.45116373896598816,0.9915503859519958,-0.5615683794021606,0.02722075954079628
1764303153.4369602,0.16265660524368286,0.044087596237659454,-0.4368642568588257,0.9688205718994141,-0.6305385828018188,-0.0004437938332557678,-0.10576415061950684,-0.05317583307623863,-0.45115500688552856,0.9915921688079834,-0.561549186706543,0.02728019468486309
1764303153.477419,0.16263724863529205,0.04408172518014908,-0.43683338165283203,0.968786358833313,-0.6304806470870972,-0.0005014343187212944,-0.1058538556098938,-0.05316229537129402,-0.45114630460739136,0.991633415222168,-0.5615307092666626,0.0273385401815176
1764303153.5178497,0.162618026137352,0.044076256453990936,-0.4368026554584503,0.9687523245811462,-0.6304232478141785,-0.0005587320774793625,-0.10594289004802704,-0.053148649632930756,-0.45113781094551086,0.9916741847991943,-0.5615125298500061,0.02739599719643593
1764303153.5582252,0.16259892284870148,0.04407140612602234,-0.4367719888687134,0.9687186479568481,-0.6303662061691284,-0.0006155706942081451,-0.10603123903274536,-0.05313494801521301,-0.45112937688827515,0.991714358329773,-0.561494767665863,0.027452388778328896
1764303153.59862,0.16257986426353455,0.04406680911779404,-0.43674153089523315,0.9686849117279053,-0.63031005859375,-0.0006719669327139854,-0.10611887276172638,-0.05312129855155945,-0.451121062040329,0.9917538166046143,-0.5614774227142334,0.027507774531841278
1764303153.6392128,0.16256093978881836,0.04406267777085304,-0.4367111027240753,0.968651533126831,-0.6302541494369507,-0.0007279394194483757,-0.10620583593845367,-0.05310750752687454,-0.4511127471923828,0.9917928576469421,-0.5614604353904724,0.027562305331230164
1764303153.6797488,0.16254210472106934,0.044058848172426224,-0.43668079376220703,0.9686183333396912,-0.6301987767219543,-0.0007836529985070229,-0.10629218816757202,-0.0530938059091568,-0.4511044919490814,0.9918311834335327,-0.5614438056945801,0.027615807950496674
1764303153.7201195,0.1625232994556427,0.04405532777309418,-0.43665051460266113,0.9685853123664856,-0.6301437616348267,-0.0008390089496970177,-0.10637786984443665,-0.05308011174201965,-0.4510963261127472,0.9918689131736755,-0.5614274740219116,0.027668403461575508
1764303153.7606199,0.16250500082969666,0.04405199736356735,-0.4366205334663391,0.9685519933700562,-0.6300892233848572,-0.0008942550048232079,-0.10646285116672516,-0.053066469728946686,-0.451088547706604,0.9919061660766602,-0.5614120960235596,0.02772017940878868
1764303153.8011286,0.1624870002269745,0.04404892027378082,-0.4365907311439514,0.9685189127922058,-0.6300351023674011,-0.000949222594499588,-0.10654743015766144,-0.053052812814712524,-0.45108097791671753,0.9919430613517761,-0.5613971948623657,0.027771078050136566
1764303153.8416119,0.1624690592288971,0.044045984745025635,-0.43656086921691895,0.9684861302375793,-0.629981279373169,-0.0010039452463388443,-0.10663151741027832,-0.053039275109767914,-0.45107346773147583,0.9919794201850891,-0.5613827109336853,0.027821114286780357
1764303153.8819878,0.16245116293430328,0.044043149799108505,-0.43653103709220886,0.9684535264968872,-0.6299275159835815,-0.001058650203049183,-0.10671500861644745,-0.053025759756565094,-0.45106589794158936,0.9920154213905334,-0.5613683462142944,0.027870213612914085
1764303153.9223666,0.16243329644203186,0.04404052346944809,-0.4365013539791107,0.9684208035469055,-0.6298742294311523,-0.0011133765801787376,-0.10679790377616882,-0.05301245301961899,-0.45105835795402527,0.9920505285263062,-0.561354398727417,0.027918407693505287
1764303153.9628716,0.16241540014743805,0.044037941843271255,-0.43647170066833496,0.9683883190155029,-0.6298213601112366,-0.0011678803712129593,-0.10688026249408722,-0.05299926549196243,-0.4510507583618164,0.9920850396156311,-0.5613406896591187,0.027965663000941277
1764303154.0033705,0.16239768266677856,0.044035669416189194,-0.43644213676452637,0.9683557152748108,-0.6297687888145447,-0.0012223804369568825,-0.10696201026439667,-0.05298610031604767,-0.45104312896728516,0.9921188950538635,-0.561327338218689,0.028012137860059738
1764303154.0439332,0.16237995028495789,0.04403352364897728,-0.4364125728607178,0.9683235883712769,-0.629717230796814,-0.0012765591964125633,-0.10704292356967926,-0.05297330021858215,-0.45103535056114197,0.9921519160270691,-0.5613138675689697,0.028057776391506195
1764303154.0844162,0.16236227750778198,0.04403165727853775,-0.4363830089569092,0.9682915806770325,-0.6296665668487549,-0.0013306643813848495,-0.10712285339832306,-0.05296086519956589,-0.45102745294570923,0.992184042930603,-0.5613004565238953,0.028102535754442215
1764303154.1248362,0.16234472393989563,0.04403014853596687,-0.43635350465774536,0.9682599902153015,-0.6296166181564331,-0.0013847490772604942,-0.10720200836658478,-0.05294866859912872,-0.45101940631866455,0.9922155141830444,-0.5612868070602417,0.028146499767899513
1764303154.1652389,0.16232681274414062,0.044028714299201965,-0.43632447719573975,0.9682289361953735,-0.6295673251152039,-0.0014390628784894943,-0.10728073120117188,-0.05293617770075798,-0.45101118087768555,0.9922460317611694,-0.5612735152244568,0.028189724311232567
1764303154.2056584,0.16230839490890503,0.04402754828333855,-0.436295747756958,0.9681980013847351,-0.6295186281204224,-0.0014941133558750153,-0.10735887289047241,-0.05292355269193649,-0.4510027766227722,0.9922757148742676,-0.5612599849700928,0.028232691809535027
1764303154.246066,0.16228969395160675,0.04402663931250572,-0.43626725673675537,0.9681671857833862,-0.6294701099395752,-0.001549561507999897,-0.10743643343448639,-0.05291074514389038,-0.4509941339492798,0.9923044443130493,-0.5612465739250183,0.028275378048419952
1764303154.2866235,0.1622706651687622,0.04402579739689827,-0.4362388253211975,0.9681367874145508,-0.6294217109680176,-0.0016053365543484688,-0.107513427734375,-0.05289784073829651,-0.450985312461853,0.9923328161239624,-0.5612331628799438,0.028317760676145554
1764303154.3269777,0.16225150227546692,0.044025130569934845,-0.4362104833126068,0.9681065678596497,-0.6293734312057495,-0.0016613993793725967,-0.10759003460407257,-0.05288483202457428,-0.45097634196281433,0.9923607707023621,-0.5612196326255798,0.02835974283516407
1764303154.3673556,0.1622321605682373,0.04402465000748634,-0.4361824095249176,0.9680765867233276,-0.6293253898620605,-0.001717669889330864,-0.10766619443893433,-0.05287177860736847,-0.45096731185913086,0.9923879504203796,-0.5612064599990845,0.028401216492056847
1764303154.4077716,0.16221264004707336,0.044024135917425156,-0.4361546039581299,0.9680468440055847,-0.629277765750885,-0.001774217002093792,-0.1077418178319931,-0.052858687937259674,-0.45095813274383545,0.9924147129058838,-0.5611932873725891,0.028442226350307465
1764303154.4481547,0.16219303011894226,0.04402380436658859,-0.4361269176006317,0.9680172801017761,-0.6292301416397095,-0.0018309438601136208,-0.10781703889369965,-0.052845537662506104,-0.45094889402389526,0.9924408197402954,-0.5611801147460938,0.028482843190431595
1764303154.4885252,0.16217327117919922,0.044023413211107254,-0.43609943985939026,0.9679877161979675,-0.6291828155517578,-0.001888069324195385,-0.10789178311824799,-0.052832454442977905,-0.4509395658969879,0.9924663305282593,-0.5611672401428223,0.02852289006114006
1764303154.528905,0.162153422832489,0.044023048132658005,-0.4360722601413727,0.9679586887359619,-0.6291358470916748,-0.00194530189037323,-0.1079660952091217,-0.052819401025772095,-0.45093008875846863,0.9924913048744202,-0.5611543655395508,0.0285625196993351
1764303154.5694115,0.16213341057300568,0.0440228097140789,-0.4360452890396118,0.9679296016693115,-0.6290891170501709,-0.0020028743892908096,-0.10803991556167603,-0.05280625820159912,-0.45092055201530457,0.9925156831741333,-0.5611416101455688,0.02860170602798462
1764303154.6098049,0.16211330890655518,0.04402255639433861,-0.4360184967517853,0.9679007530212402,-0.6290425658226013,-0.0020605307072401047,-0.10811330378055573,-0.0527932271361351,-0.45091086626052856,0.9925394654273987,-0.5611289739608765,0.02864054962992668
1764303154.6501913,0.16209310293197632,0.04402235150337219,-0.43599188327789307,0.9678720235824585,-0.6289962530136108,-0.0021184105426073074,-0.10818620026111603,-0.05278018116950989,-0.4509011507034302,0.9925627708435059,-0.5611163973808289,0.02867882139980793
1764303154.6905937,0.1620728075504303,0.04402220621705055,-0.4359653890132904,0.9678433537483215,-0.6289502382278442,-0.002176547423005104,-0.10825863480567932,-0.05276711285114288,-0.45089131593704224,0.9925856590270996,-0.5611039400100708,0.02871672436594963
1764303154.7309575,0.1620524525642395,0.04402201250195503,-0.43593913316726685,0.9678151607513428,-0.6289043426513672,-0.00223471038043499,-0.10833066701889038,-0.052754104137420654,-0.45088139176368713,0.9926080703735352,-0.5610915422439575,0.028754297643899918
1764303154.7716136,0.16203200817108154,0.044021859765052795,-0.4359130263328552,0.9677866697311401,-0.6288586258888245,-0.0022932570427656174,-0.10840226709842682,-0.05274113267660141,-0.45087140798568726,0.992629885673523,-0.5610793828964233,0.028791341930627823
1764303154.8167946,0.16201151907444,0.0440218411386013,-0.4358871281147003,0.9677587151527405,-0.6288132071495056,-0.0023517850786447525,-0.10847342014312744,-0.052728161215782166,-0.4508613646030426,0.9926512241363525,-0.5610672235488892,0.028828024864196777
1764303154.8571825,0.1619909107685089,0.04402172565460205,-0.4358614683151245,0.9677308201789856,-0.6287678480148315,-0.0024105310440063477,-0.10854415595531464,-0.052715227007865906,-0.4508512020111084,0.9926722049713135,-0.5610551834106445,0.028864355757832527
1764303154.897585,0.16197030246257782,0.0440216064453125,-0.4358360469341278,0.9677028656005859,-0.6287229657173157,-0.0024694958701729774,-0.10861445963382721,-0.052702341228723526,-0.4508410692214966,0.9926926493644714,-0.561043381690979,0.02890031598508358
1764303154.9380715,0.16194960474967957,0.04402149096131325,-0.43581071496009827,0.9676753282546997,-0.6286781430244446,-0.0025284262374043465,-0.10868433117866516,-0.052689455449581146,-0.4508308172225952,0.9927126169204712,-0.5610316395759583,0.028935903683304787
1764303154.978588,0.16192889213562012,0.04402149096131325,-0.43578553199768066,0.9676476716995239,-0.6286334991455078,-0.0025877049192786217,-0.10875377058982849,-0.05267658084630966,-0.450820654630661,0.9927322864532471,-0.561020016670227,0.028971178457140923
1764303155.0190222,0.16190814971923828,0.04402131959795952,-0.4357605576515198,0.9676204323768616,-0.6285890340805054,-0.00264687929302454,-0.10882282257080078,-0.05266376584768295,-0.4508103132247925,0.9927513599395752,-0.5610085129737854,0.029006024822592735
1764303155.0595047,0.16188740730285645,0.04402129724621773,-0.4357357323169708,0.9675930142402649,-0.6285446882247925,-0.0027063172310590744,-0.10889139771461487,-0.05265098810195923,-0.45079994201660156,0.9927701354026794,-0.5609972476959229,0.02904057875275612
1764303155.1000333,0.16186660528182983,0.04402119666337967,-0.4357110559940338,0.9675658345222473,-0.6285006403923035,-0.0027658678591251373,-0.1089596301317215,-0.05263826251029968,-0.45078957080841064,0.9927884340286255,-0.5609858632087708,0.029074784368276596
1764303155.1404083,0.16184580326080322,0.04402109608054161,-0.4356866180896759,0.9675388932228088,-0.6284567713737488,-0.002825370989739895,-0.10902740061283112,-0.05262559652328491,-0.45077913999557495,0.9928063154220581,-0.5609747767448425,0.029108664020895958
1764303155.1809149,0.16182492673397064,0.04402107372879982,-0.43566226959228516,0.9675119519233704,-0.6284130215644836,-0.0028849979862570763,-0.10909481346607208,-0.05261293798685074,-0.45076870918273926,0.9928239583969116,-0.5609638094902039,0.029142213985323906
1764303155.2214057,0.16180410981178284,0.04402099549770355,-0.43563809990882874,0.9674851894378662,-0.6283693909645081,-0.00294477678835392,-0.10916182398796082,-0.05260024964809418,-0.4507582187652588,0.9928411245346069,-0.5609529614448547,0.029175471514463425
1764303155.2618928,0.16178324818611145,0.044020891189575195,-0.43561413884162903,0.9674583673477173,-0.6283260583877563,-0.0030046645551919937,-0.10922843217849731,-0.05258769914507866,-0.4507477283477783,0.992857813835144,-0.5609422326087952,0.02920841984450817
1764303155.3023195,0.16176238656044006,0.044020820409059525,-0.4355902075767517,0.9674317836761475,-0.6282827854156494,-0.003064545802772045,-0.10929465293884277,-0.05257518216967583,-0.4507371783256531,0.9928743243217468,-0.5609315633773804,0.029241051524877548
1764303155.3427687,0.16174155473709106,0.04402085021138191,-0.43556657433509827,0.9674054384231567,-0.6282396912574768,-0.003124453127384186,-0.10936041176319122,-0.05256267637014389,-0.4507266879081726,0.9928903579711914,-0.5609211921691895,0.02927338518202305
1764303155.3831756,0.1617206633090973,0.04402073472738266,-0.4355430006980896,0.967379093170166,-0.6281969547271729,-0.003184480592608452,-0.1094258725643158,-0.05255023390054703,-0.4507160782814026,0.9929059743881226,-0.5609107613563538,0.02930549345910549
1764303155.4237597,0.16169977188110352,0.04402055963873863,-0.43551963567733765,0.9673527479171753,-0.6281541585922241,-0.0032445648685097694,-0.10949090123176575,-0.05253779888153076,-0.45070552825927734,0.9929214119911194,-0.5609005689620972,0.029337305575609207
1764303155.464421,0.1616789698600769,0.044020481407642365,-0.43549638986587524,0.9673266410827637,-0.6281116604804993,-0.003304647281765938,-0.10955551266670227,-0.05252547934651375,-0.4506949186325073,0.992936372756958,-0.5608905553817749,0.029368862509727478
1764303155.5099313,0.1616581678390503,0.044020459055900574,-0.4354732930660248,0.9673006534576416,-0.628069281578064,-0.0033646589145064354,-0.10961970686912537,-0.05251312255859375,-0.4506843686103821,0.9929511547088623,-0.5608806610107422,0.029400136321783066
1764303155.5504172,0.16163741052150726,0.04402027279138565,-0.4354502856731415,0.9672747254371643,-0.628027081489563,-0.0034248288720846176,-0.10968361794948578,-0.05250087380409241,-0.45067381858825684,0.9929656982421875,-0.5608706474304199,0.029431138187646866
1764303155.5908375,0.16161668300628662,0.04402011260390282,-0.4354274868965149,0.9672489166259766,-0.6279850006103516,-0.0034849708899855614,-0.10974708199501038,-0.05248865485191345,-0.4506632089614868,0.9929797649383545,-0.5608610510826111,0.02946191094815731
1764303155.631218,0.16159594058990479,0.044020019471645355,-0.43540483713150024,0.9672231674194336,-0.6279431581497192,-0.0035451380535960197,-0.10981021821498871,-0.052476465702056885,-0.4506526589393616,0.9929933547973633,-0.5608514547348022,0.029492339119315147
1764303155.6715853,0.16157521307468414,0.04401993006467819,-0.435382217168808,0.967197597026825,-0.6279014348983765,-0.003605351783335209,-0.1098729819059372,-0.0524643249809742,-0.45064204931259155,0.9930068254470825,-0.5608419179916382,0.029522614553570747
1764303155.712107,0.1615544706583023,0.044019728899002075,-0.4353598356246948,0.9671720266342163,-0.6278597712516785,-0.003665592521429062,-0.10993529856204987,-0.05245228484272957,-0.45063143968582153,0.9930200576782227,-0.5608326196670532,0.029552703723311424
1764303155.7524986,0.1615338772535324,0.04401954263448715,-0.43533754348754883,0.9671466946601868,-0.6278183460235596,-0.0037257904186844826,-0.10999728739261627,-0.05244026333093643,-0.4506208896636963,0.9930328130722046,-0.560823380947113,0.029582541435956955
1764303155.793028,0.16151326894760132,0.04401937872171402,-0.4353153705596924,0.9671212434768677,-0.627777099609375,-0.0037859398871660233,-0.11005885899066925,-0.052428312599658966,-0.45061030983924866,0.9930453896522522,-0.5608143210411072,0.02961207740008831
1764303155.833397,0.181686669588089,0.06261680275201797,-0.4266831576824188,0.9450607895851135,-0.6170668601989746,-0.008416189812123775,-0.09702074527740479,-0.03466619551181793,-0.45845484733581543,1.0161733627319336,-0.5826717615127563,0.025183256715536118
1764303155.8738148,0.1813274323940277,0.0650966465473175,-0.42690983414649963,0.9637763500213623,-0.6276418566703796,0.0100023802369833,-0.10530102252960205,-0.0407576709985733,-0.460334450006485,1.0045385360717773,-0.5712756514549255,0.02516866847872734
1764303155.9142623,0.18288418650627136,0.06899331510066986,-0.42361652851104736,0.9577312469482422,-0.6233391165733337,0.009150631725788116,-0.10026723891496658,-0.03742034733295441,-0.46071991324424744,1.0083123445510864,-0.575019896030426,0.021375007927417755
1764303155.9546192,0.18227863311767578,0.06988383829593658,-0.4228925406932831,0.9601239562034607,-0.6239364147186279,0.012605488300323486,-0.10205016285181046,-0.03859620541334152,-0.4607390761375427,1.004980206489563,-0.5721514225006104,0.022677168250083923
1764303155.9950356,0.18517887592315674,0.07343776524066925,-0.42080309987068176,0.9542970061302185,-0.6203423738479614,0.01221480406820774,-0.09962793439626694,-0.035467300564050674,-0.4615912437438965,1.0075024366378784,-0.5754597187042236,0.021668577566742897
1764303156.0354035,0.18511918187141418,0.07438453286886215,-0.4205463230609894,0.9560521841049194,-0.6211122274398804,0.01616138406097889,-0.10160471498966217,-0.03619924187660217,-0.462011456489563,1.0046782493591309,-0.5739313960075378,0.022600505501031876
1764303156.0759957,0.18795114755630493,0.07803332060575485,-0.4185142517089844,0.9509146213531494,-0.6182056665420532,0.016569098457694054,-0.09935720264911652,-0.03319986164569855,-0.4628085494041443,1.0068620443344116,-0.576553225517273,0.021079888567328453
1764303156.116492,0.19010543823242188,0.0817917138338089,-0.4165388345718384,0.9491584300994873,-0.6171826720237732,0.020513853058218956,-0.0995311290025711,-0.03185725584626198,-0.46366655826568604,1.0058488845825195,-0.5763267874717712,0.020180918276309967
1764303156.157032,0.19241224229335785,0.08607476204633713,-0.4138551950454712,0.9453921914100647,-0.614951491355896,0.024226350709795952,-0.09847044944763184,-0.029648510739207268,-0.46428951621055603,1.0053192377090454,-0.5766628980636597,0.018042854964733124
1764303156.197436,0.19425679743289948,0.09066934138536453,-0.41067594289779663,0.9416851997375488,-0.6129344701766968,0.029457809403538704,-0.09782448410987854,-0.027712151408195496,-0.4646196961402893,1.0032902956008911,-0.5756016969680786,0.01569535955786705
1764303156.2379599,0.19306012988090515,0.09341001510620117,-0.40775367617607117,0.940809965133667,-0.6127457022666931,0.03595821559429169,-0.0982203558087349,-0.02756858989596367,-0.46388280391693115,0.9988366365432739,-0.5719385743141174,0.014014609158039093
1764303156.2784462,0.19350838661193848,0.09828286617994308,-0.40334925055503845,0.9333577156066895,-0.6101965308189392,0.04058697819709778,-0.09535544365644455,-0.024181321263313293,-0.4630225896835327,0.9964575171470642,-0.5696432590484619,0.010142965242266655
1764303156.3189547,0.19524718821048737,0.10551967471837997,-0.3973272442817688,0.9225718379020691,-0.6074676513671875,0.04828646779060364,-0.09285371005535126,-0.019867682829499245,-0.4630679488182068,0.992222785949707,-0.5660971403121948,0.004301778972148895
1764303156.3594751,0.1907784640789032,0.1089169979095459,-0.3916017711162567,0.9200923442840576,-0.6096461415290833,0.05817687511444092,-0.09441523253917694,-0.020443439483642578,-0.46214786171913147,0.9835524559020996,-0.558297872543335,-0.001010112464427948
1764303156.4000757,0.18400710821151733,0.11097490787506104,-0.3855525255203247,0.9140625,-0.6100476980209351,0.06292705982923508,-0.09203647077083588,-0.018662158399820328,-0.45971888303756714,0.9796805381774902,-0.5511950850486755,-0.006909048184752464
1764303156.4405625,0.1792353093624115,0.11550236493349075,-0.3781481683254242,0.8996615409851074,-0.6072903871536255,0.06809910386800766,-0.08700354397296906,-0.01283184438943863,-0.45811399817466736,0.9768480062484741,-0.5431119799613953,-0.014268888160586357
1764303156.4811723,0.17015677690505981,0.11644338816404343,-0.37097567319869995,0.8963223099708557,-0.6093647480010986,0.07728974521160126,-0.08964809775352478,-0.014138488098978996,-0.455613374710083,0.9657559990882874,-0.5304844379425049,-0.01813359744846821
1764303156.5216808,0.16050809621810913,0.11472559720277786,-0.36506107449531555,0.8911359310150146,-0.6091050505638123,0.07970697432756424,-0.08987089991569519,-0.014025859534740448,-0.4527711272239685,0.9596725702285767,-0.522467851638794,-0.022703776136040688
1764303156.5622354,0.15293945372104645,0.11346350610256195,-0.3602288067340851,0.8835572004318237,-0.6089031100273132,0.0800875574350357,-0.09016433358192444,-0.01212145946919918,-0.4508720636367798,0.9532139897346497,-0.5132301449775696,-0.02432296983897686
1764303156.6026208,0.1482899785041809,0.11375192552804947,-0.3549157381057739,0.8721034526824951,-0.608422040939331,0.07942783087491989,-0.09013654291629791,-0.007666260004043579,-0.44982820749282837,0.9437453746795654,-0.5019022226333618,-0.023342883214354515
1764303156.643063,0.14257889986038208,0.11148484796285629,-0.35006222128868103,0.8724120855331421,-0.6129109859466553,0.07482435554265976,-0.09655173867940903,-0.009726574644446373,-0.4486885070800781,0.9299110174179077,-0.4908859431743622,-0.017542274668812752
1764303156.6835904,0.1392178237438202,0.10564965009689331,-0.34802407026290894,0.8707621097564697,-0.6145564913749695,0.06070321053266525,-0.10022276639938354,-0.008821921423077583,-0.4486987590789795,0.9236654043197632,-0.4849008023738861,-0.005703052505850792
1764303156.7240946,0.14551439881324768,0.10368511825799942,-0.34910833835601807,0.8578359484672546,-0.6100870966911316,0.04984525591135025,-0.10176897048950195,-0.0025310758501291275,-0.44778960943222046,0.9170549511909485,-0.47460100054740906,0.02668076753616333
1764303156.764497,0.17635619640350342,0.11778540909290314,-0.35314542055130005,0.8229503035545349,-0.5906845331192017,0.06122344732284546,-0.10004504024982452,0.01432960107922554,-0.4440577030181885,0.8913347721099854,-0.45564594864845276,0.0982198491692543
1764303156.8048928,0.2516809105873108,0.16378004848957062,-0.36260494589805603,0.7797263860702515,-0.5506265163421631,0.12400610744953156,-0.10666190087795258,0.03644372522830963,-0.4401683211326599,0.83989417552948,-0.4388898015022278,0.22482334077358246
1764303156.8452897,0.3557797074317932,0.232353076338768,-0.39750632643699646,0.8060901165008545,-0.5840082764625549,0.2130516767501831,-0.1921498030424118,-0.016924340277910233,-0.48984578251838684,0.9066252708435059,-0.5559537410736084,0.18826593458652496
1764303156.8857265,0.2481897920370102,0.17824293673038483,-0.3876678943634033,1.0156021118164062,-0.7037904262542725,0.21325109899044037,-0.26900771260261536,-0.14318297803401947,-0.5316107273101807,1.054509162902832,-0.621781587600708,-0.17644067108631134
1764303156.9262085,0.1269426792860031,0.04118534177541733,-0.4166681468486786,1.0750148296356201,-0.6631516814231873,0.00430266372859478,-0.15649430453777313,-0.08698204159736633,-0.4332730770111084,0.8381803035736084,-0.48309212923049927,-0.008984440937638283
1764303156.9667432,0.12168596684932709,-0.014146831817924976,-0.40698644518852234,0.8545884490013123,-0.5444312691688538,-0.12543541193008423,-0.07400791347026825,-0.009140752255916595,-0.4705355167388916,0.9600600600242615,-0.5174517631530762,0.060148704797029495
1764303157.0072286,0.3007235527038574,0.11676282435655594,-0.37032076716423035,0.644644021987915,-0.3843097686767578,0.05739524960517883,-0.051439471542835236,0.06687598675489426,-0.3776770234107971,0.7998610138893127,-0.3353675305843353,0.48678842186927795
1764303157.047739,0.4747293293476105,0.25416356325149536,-0.4538992643356323,0.8352395296096802,-0.6194093227386475,0.25209859013557434,-0.3705858290195465,-0.16315817832946777,-0.5212380886077881,1.2868825197219849,-0.7527921795845032,0.11386062949895859
1764303157.0881126,0.3172217607498169,0.23344524204730988,-0.45928215980529785,1.1139498949050903,-0.6772860884666443,0.2222927212715149,-0.3583575189113617,-0.14854207634925842,-0.5159720182418823,1.0841939449310303,-0.6680880784988403,-0.012682436034083366
1764303157.1285026,0.2053467482328415,0.1597515195608139,-0.44986459612846375,0.9917122721672058,-0.6052992343902588,0.2158096581697464,-0.10417568683624268,-0.010745229199528694,-0.443220853805542,0.8127210140228271,-0.48681727051734924,0.01616211235523224
1764303157.168983,0.0979650542140007,0.1223139837384224,-0.35751113295555115,0.9268957376480103,-0.6204817891120911,0.17753654718399048,-0.07501708716154099,-0.004522871226072311,-0.45450299978256226,0.8218580484390259,-0.4674703776836395,-0.18541254103183746
1764303157.2093837,-0.0155143141746521,0.043427880853414536,-0.3038148880004883,1.114647626876831,-0.7017902731895447,-0.0013494398444890976,-0.1433994323015213,-0.04499397426843643,-0.4638926386833191,0.8681329488754272,-0.4483219087123871,-0.23806403577327728
1764303157.2498622,0.023709550499916077,-0.08482693880796432,-0.3639417588710785,1.0047527551651,-0.6377866268157959,-0.2630890905857086,-0.1501748114824295,-0.024542398750782013,-0.4922562837600708,1.0804532766342163,-0.5343350172042847,-0.08252907544374466
1764303157.29031,0.13405320048332214,0.018032709136605263,-0.40515032410621643,0.7102839946746826,-0.43070459365844727,-0.10585910826921463,-0.032131895422935486,0.045805491507053375,-0.39289945363998413,0.974863588809967,-0.43710824847221375,0.19462384283542633
1764303157.3308055,0.33614400029182434,0.21742993593215942,-0.35568755865097046,0.6601522564888,-0.45036056637763977,0.20309600234031677,-0.08397082984447479,0.08435094356536865,-0.4077633023262024,0.7986651659011841,-0.40575820207595825,0.39429742097854614
1764303157.3712888,0.42462554574012756,0.25059857964515686,-0.4437811076641083,0.9086707830429077,-0.6580591201782227,0.3063650131225586,-0.32440799474716187,-0.19762927293777466,-0.5001677870750427,1.2176356315612793,-0.745080292224884,-0.009574966505169868
1764303157.4116774,0.2854273319244385,0.21570925414562225,-0.4751487374305725,1.0718547105789185,-0.6374666094779968,0.24867472052574158,-0.27084606885910034,-0.06724505126476288,-0.5155453085899353,1.0090986490249634,-0.5317654609680176,0.02682052180171013
1764303157.452076,0.16683176159858704,0.10938646644353867,-0.40855640172958374,0.974783718585968,-0.6116492748260498,0.22268015146255493,-0.10037665069103241,-0.004223497584462166,-0.4245959520339966,0.7661814093589783,-0.4641394019126892,-0.06678479164838791
1764303157.4924555,0.019704245030879974,0.062496669590473175,-0.3362548351287842,1.0253239870071411,-0.6697854399681091,0.10587253421545029,-0.10556571185588837,-0.026633964851498604,-0.46967899799346924,0.80525803565979,-0.4625479578971863,-0.2373128980398178
1764303157.532846,-0.02134501188993454,-0.07217078655958176,-0.3423375189304352,1.125051498413086,-0.7395614385604858,-0.1895233541727066,-0.19219422340393066,-0.029626386240124702,-0.5237665176391602,0.9817442297935486,-0.5461001396179199,-0.20639604330062866
1764303157.5732286,0.06618386507034302,-0.03305193781852722,-0.3913773000240326,0.8386977910995483,-0.5137081146240234,-0.25859320163726807,-0.08014557510614395,0.00846954807639122,-0.4963456392288208,1.0489671230316162,-0.5182638168334961,0.07051718980073929
1764303157.6136236,0.23617832362651825,0.11646243184804916,-0.38475561141967773,0.6529064178466797,-0.41144320368766785,0.0468238964676857,-0.0439002700150013,0.07188867777585983,-0.3853464722633362,0.8537530899047852,-0.3898772597312927,0.33148646354675293
1764303157.6541271,0.4393446743488312,0.25394880771636963,-0.41382405161857605,0.7408202886581421,-0.5332770943641663,0.2806781828403473,-0.20776598155498505,-0.025339400395751,-0.4608827829360962,0.9457406997680664,-0.597204327583313,0.2783295512199402
1764303157.6945095,0.3597865104675293,0.21819107234477997,-0.4314286708831787,1.0335270166397095,-0.6945732235908508,0.3249610364437103,-0.3398659825325012,-0.2135128378868103,-0.49510037899017334,1.1609883308410645,-0.7123060822486877,-0.12419117242097855
1764303157.7350001,0.23474730551242828,0.17751359939575195,-0.45203879475593567,1.0331940650939941,-0.609443187713623,0.25409436225891113,-0.17374148964881897,-0.04612264037132263,-0.4357602000236511,0.8015275001525879,-0.44425827264785767,0.050206854939460754
1764303157.7753744,0.058461617678403854,0.05980869010090828,-0.3674733638763428,0.9893479943275452,-0.6320299506187439,0.15103673934936523,-0.09504721313714981,-0.00937754288315773,-0.46640217304229736,0.8170081377029419,-0.46409159898757935,-0.20599715411663055
1764303157.8157742,-0.024579517543315887,-0.04815017431974411,-0.32859736680984497,1.1611095666885376,-0.7322970628738403,-0.1284485161304474,-0.17537420988082886,-0.0383218377828598,-0.5099397897720337,0.9429770708084106,-0.4966280460357666,-0.22001656889915466
1764303157.8561575,0.05377395451068878,-0.09207923710346222,-0.362644761800766,0.9410302639007568,-0.5743619799613953,-0.29021504521369934,-0.11855736374855042,-0.017743941396474838,-0.5124611854553223,1.0791410207748413,-0.5287632942199707,-0.007483309134840965
1764303157.8965373,0.1896965503692627,0.0381300151348114,-0.41011127829551697,0.6479524374008179,-0.390840083360672,-0.04968204349279404,-0.001682095229625702,0.05451095104217529,-0.4021182954311371,0.8874779343605042,-0.4001690447330475,0.28163084387779236
1764303157.9369495,0.46187981963157654,0.2553190290927887,-0.4081513285636902,0.6149599552154541,-0.4680948257446289,0.2662263810634613,-0.1356305181980133,0.06478352099657059,-0.430558979511261,0.7763015031814575,-0.4727066457271576,0.5418958067893982
1764303157.977469,0.4759194850921631,0.22256174683570862,-0.46336835622787476,0.9337670207023621,-0.662818968296051,0.3353595435619354,-0.38824909925460815,-0.2817783057689667,-0.5053125619888306,1.346541404724121,-0.7595958709716797,-0.07427366077899933
1764303158.018083,0.31815236806869507,0.20615828037261963,-0.4631086587905884,1.0540516376495361,-0.6632398366928101,0.22126485407352448,-0.3403331935405731,-0.07325312495231628,-0.49638301134109497,0.9856048226356506,-0.6144863367080688,0.033050235360860825
1764303158.0585446,0.18926192820072174,0.14323930442333221,-0.3997727930545807,0.9880781769752502,-0.5823521614074707,0.2706989645957947,-0.11042091250419617,-0.004299120977520943,-0.4142204523086548,0.7415546178817749,-0.4296703636646271,-0.04035168141126633
1764303158.09906,0.00695415586233139,0.07021511346101761,-0.33424249291419983,1.05800461769104,-0.6774852275848389,0.14469574391841888,-0.09696075320243835,-0.030186094343662262,-0.45508965849876404,0.7616609334945679,-0.4404431879520416,-0.26432353258132935
1764303158.139487,-0.043481968343257904,-0.1140376627445221,-0.35389506816864014,1.1811031103134155,-0.7715274691581726,-0.24432344734668732,-0.21036560833454132,-0.04219088330864906,-0.5168913006782532,0.9928709268569946,-0.5515812635421753,-0.22748114168643951
1764303158.1800168,0.06991132348775864,-0.04667527973651886,-0.3898703157901764,0.8306607007980347,-0.5200764536857605,-0.30054962635040283,-0.10047009587287903,0.0004178956151008606,-0.49762043356895447,1.0585254430770874,-0.5159680843353271,0.06325434893369675
1764303158.220566,0.2640285789966583,0.11224484443664551,-0.3775980770587921,0.5985186696052551,-0.3564414083957672,0.014862798154354095,-0.0462384968996048,0.09328144788742065,-0.3793933689594269,0.8579868078231812,-0.36868610978126526,0.4154338836669922
1764303158.2610984,0.45949748158454895,0.25828948616981506,-0.4174960255622864,0.7558537721633911,-0.5436403751373291,0.24412128329277039,-0.2699221968650818,-0.0698576420545578,-0.4886680245399475,1.0951566696166992,-0.6641489863395691,0.21326015889644623
1764303158.301468,0.33894622325897217,0.22967101633548737,-0.45390886068344116,1.077440857887268,-0.6711591482162476,0.30571043491363525,-0.321524441242218,-0.181931734085083,-0.5122758150100708,1.1320222616195679,-0.6723966002464294,-0.08009609580039978
1764303158.3418205,0.22805020213127136,0.1568252295255661,-0.44590696692466736,0.9783613085746765,-0.6041842103004456,0.24771073460578918,-0.1209590882062912,-0.0253521129488945,-0.44382745027542114,0.8015832901000977,-0.49015527963638306,0.012228807434439659
1764303158.3822849,0.09005273878574371,0.10034818202257156,-0.3447534441947937,0.9497514963150024,-0.6152887344360352,0.19430731236934662,-0.08067946881055832,-0.007195604965090752,-0.45320871472358704,0.8138182759284973,-0.4659704566001892,-0.20757350325584412
1764303158.4228153,-0.02416957914829254,-0.00843498483300209,-0.3196698725223541,1.1622956991195679,-0.7315091490745544,-0.060080885887145996,-0.15571556985378265,-0.04130605235695839,-0.4863574504852295,0.8846235275268555,-0.48207351565361023,-0.23648716509342194
1764303158.4632068,0.044252850115299225,-0.11255818605422974,-0.35724663734436035,0.9870392680168152,-0.6168301105499268,-0.3010742962360382,-0.14384819567203522,-0.0240397360175848,-0.5155268311500549,1.0963239669799805,-0.5535926818847656,-0.06652813404798508
1764303158.5035753,0.16292303800582886,0.010922418907284737,-0.4019043445587158,0.6657211780548096,-0.40303152799606323,-0.11552412807941437,-0.004398856312036514,0.03920800983905792,-0.4134780168533325,0.9264975786209106,-0.4021521806716919,0.23684504628181458
1764303158.5440187,0.44189488887786865,0.24193531274795532,-0.3830569088459015,0.5534365773200989,-0.41773083806037903,0.23529769480228424,-0.07929335534572601,0.1128084734082222,-0.40511250495910645,0.7242699861526489,-0.40342381596565247,0.6087717413902283
1764303158.584408,0.48504045605659485,0.21721413731575012,-0.4658002257347107,0.8789415955543518,-0.6318725347518921,0.3441523015499115,-0.3860926032066345,-0.25873303413391113,-0.5282903909683228,1.3413602113723755,-0.7313669919967651,-0.058693960309028625
1764303158.6248198,0.3198671042919159,0.1932753324508667,-0.46259933710098267,1.0531411170959473,-0.68258136510849,0.21302025020122528,-0.3634151518344879,-0.10306169837713242,-0.5083577632904053,1.0242966413497925,-0.6671465039253235,0.014050863683223724
1764303158.6651876,0.21448057889938354,0.16821488738059998,-0.4218713641166687,0.9886518716812134,-0.5938761234283447,0.2757968604564667,-0.10063721239566803,0.003076523542404175,-0.42800259590148926,0.7715569734573364,-0.4612768292427063,-0.013799736276268959
1764303158.705669,0.046828508377075195,0.09498026221990585,-0.3460496664047241,0.9975763559341431,-0.6776300072669983,0.1975516527891159,-0.08180976659059525,-0.01310989260673523,-0.44651365280151367,0.7202261686325073,-0.43465662002563477,-0.24665118753910065
1764303158.746041,-0.0667136162519455,-0.061292536556720734,-0.3246822953224182,1.2289003133773804,-0.7726926803588867,-0.16919611394405365,-0.19773025810718536,-0.04502180591225624,-0.5156821012496948,0.9357177019119263,-0.5407050251960754,-0.2629026174545288
1764303158.7864022,0.047074638307094574,-0.10222631692886353,-0.3747251629829407,0.953083336353302,-0.5974828600883484,-0.3364347517490387,-0.14142677187919617,-0.0275216493755579,-0.5078932642936707,1.1008048057556152,-0.5488480925559998,-0.03632254898548126
1764303158.826845,0.18809518218040466,0.03670094162225723,-0.36547204852104187,0.6691559553146362,-0.378169983625412,-0.12659896910190582,-0.029028765857219696,0.03757200390100479,-0.42511916160583496,0.9517389535903931,-0.40129294991493225,0.2313622534275055
1764303158.8672163,0.41716986894607544,0.23429186642169952,-0.3546852171421051,0.6035191416740417,-0.4177764356136322,0.2285909503698349,-0.08785846829414368,0.0926867425441742,-0.4108016788959503,0.7783803939819336,-0.4279559850692749,0.49239054322242737
1764303158.907616,0.4719569683074951,0.22870829701423645,-0.4428049921989441,0.8991270065307617,-0.6460887789726257,0.33448824286460876,-0.3756008744239807,-0.25158965587615967,-0.5185849666595459,1.3058068752288818,-0.7455987334251404,-0.04196599870920181
1764303158.9481177,0.3197839558124542,0.20182499289512634,-0.45928505063056946,1.049994945526123,-0.639726459980011,0.22346705198287964,-0.31611981987953186,-0.07543948292732239,-0.5143647789955139,1.036566138267517,-0.6267582774162292,0.018910467624664307
1764303158.9884903,0.21352942287921906,0.15257281064987183,-0.4055212140083313,0.967095136642456,-0.5848461389541626,0.26463013887405396,-0.08910778164863586,0.0007056482136249542,-0.42735370993614197,0.7688411474227905,-0.4857829809188843,-0.039452701807022095
1764303159.028871,0.04492894560098648,0.09344739466905594,-0.33081361651420593,1.014604091644287,-0.6513885259628296,0.19766265153884888,-0.07328152656555176,-0.023691780865192413,-0.44090479612350464,0.7446461915969849,-0.43668702244758606,-0.254564493894577
1764303159.0692713,-0.058652639389038086,-0.06843139231204987,-0.3388088643550873,1.2125506401062012,-0.7738094925880432,-0.18648895621299744,-0.18650886416435242,-0.049178481101989746,-0.5141959190368652,0.9316125512123108,-0.5428828001022339,-0.2545914947986603
1764303159.1097498,0.058640386909246445,-0.10359299927949905,-0.36527201533317566,0.9402984976768494,-0.5892543196678162,-0.33593887090682983,-0.13717637956142426,-0.020079970359802246,-0.5100017786026001,1.0975853204727173,-0.5462520122528076,-0.015060173347592354
1764303159.1501327,0.21980305016040802,0.04458772391080856,-0.37337467074394226,0.6273548603057861,-0.3563618063926697,-0.11527705937623978,-0.026318296790122986,0.05711435526609421,-0.423865407705307,0.9247832298278809,-0.3882441818714142,0.2950473725795746
1764303159.1905782,0.4802232086658478,0.26041513681411743,-0.3865305185317993,0.5609169602394104,-0.43096354603767395,0.25071245431900024,-0.1211022287607193,0.09186070412397385,-0.42776650190353394,0.7987806797027588,-0.44783201813697815,0.5617724657058716
1764303159.231048,0.49331891536712646,0.2271353304386139,-0.4462626576423645,0.9097332954406738,-0.6394506692886353,0.3525542616844177,-0.4067564904689789,-0.26751965284347534,-0.5390903949737549,1.3321800231933594,-0.7444474101066589,-0.08393269777297974
1764303159.2715113,0.33338114619255066,0.1971704512834549,-0.46099504828453064,1.0473436117172241,-0.6690102815628052,0.2293521612882614,-0.3534056842327118,-0.0883326455950737,-0.5145028829574585,1.0177274942398071,-0.6458775401115417,0.013889716938138008
1764303159.312079,0.21849089860916138,0.16044093668460846,-0.4197429418563843,0.9735424518585205,-0.6036655902862549,0.2795383930206299,-0.09420227259397507,0.005039379000663757,-0.4260125458240509,0.7426967024803162,-0.46593302488327026,-0.025011127814650536
1764303159.3525634,0.029820192605257034,0.09112632274627686,-0.3312472403049469,1.0202031135559082,-0.675607442855835,0.18924960494041443,-0.07618609070777893,-0.016588112339377403,-0.4533570408821106,0.73577880859375,-0.43971288204193115,-0.2743005156517029
1764303159.392995,-0.060556769371032715,-0.09786678850650787,-0.33961746096611023,1.2286708354949951,-0.776907205581665,-0.22628898918628693,-0.20630009472370148,-0.043155308812856674,-0.5138360261917114,0.9613463878631592,-0.5520198345184326,-0.24965716898441315
1764303159.4335444,0.07373099029064178,-0.10227922350168228,-0.3666476905345917,0.9181654453277588,-0.5725799202919006,-0.3317275941371918,-0.1416860818862915,-0.010987168177962303,-0.502129316329956,1.0983569622039795,-0.5343698263168335,0.0069753918796777725
1764303159.4740942,0.2415039986371994,0.05614154040813446,-0.36204683780670166,0.6153776049613953,-0.3418121933937073,-0.09442475438117981,-0.024307964369654655,0.06580451875925064,-0.4196358323097229,0.9187054634094238,-0.3681568503379822,0.3310699164867401
1764303159.514468,0.4980962574481964,0.2685348093509674,-0.38899362087249756,0.5796353220939636,-0.4392254948616028,0.25389865040779114,-0.1561516672372818,0.07102405279874802,-0.4410998225212097,0.8542355895042419,-0.46593379974365234,0.5332643389701843
1764303159.5550275,0.49280041456222534,0.23375076055526733,-0.4378799796104431,0.9307307004928589,-0.6489189267158508,0.35025596618652344,-0.4167257845401764,-0.27539607882499695,-0.5434870719909668,1.3235411643981934,-0.7552974820137024,-0.09779305011034012
1764303159.595539,0.3377760946750641,0.1995873898267746,-0.4629824757575989,1.0445573329925537,-0.6708217859268188,0.2380838394165039,-0.34409773349761963,-0.08151376247406006,-0.5151324272155762,1.0020734071731567,-0.622915506362915,0.018012922257184982
1764303159.636114,0.2116992473602295,0.14969402551651,-0.40969645977020264,0.9688798785209656,-0.6054577231407166,0.2743799686431885,-0.09198768436908722,0.0017451271414756775,-0.4216573238372803,0.7314494848251343,-0.4627557694911957,-0.03927911818027496
1764303159.6764843,0.014291062951087952,0.08143577724695206,-0.3256795108318329,1.0489572286605835,-0.6756558418273926,0.16640998423099518,-0.07903023809194565,-0.025618672370910645,-0.45709359645843506,0.7533539533615112,-0.44334352016448975,-0.28244709968566895
1764303159.7168572,-0.049311697483062744,-0.12432984262704849,-0.3500927984714508,1.2104278802871704,-0.7788032293319702,-0.26225098967552185,-0.21094678342342377,-0.04027874767780304,-0.5147284269332886,0.9867637157440186,-0.5564749240875244,-0.23590253293514252
1764303159.757248,0.0927087813615799,-0.08871972560882568,-0.37312713265419006,0.8606598377227783,-0.5323982834815979,-0.31900960206985474,-0.12756682932376862,0.005617830902338028,-0.4956821799278259,1.0727410316467285,-0.5121843814849854,0.06460598111152649
1764303159.7976406,0.3025655150413513,0.10298463702201843,-0.35975271463394165,0.5456162095069885,-0.30018678307533264,-0.015010381117463112,-0.019609220325946808,0.11873244494199753,-0.38920193910598755,0.8488174676895142,-0.32768118381500244,0.49317482113838196
1764303159.8380585,0.5062577724456787,0.27279019355773926,-0.4440186321735382,0.7503886818885803,-0.5949797630310059,0.24131682515144348,-0.3624002933502197,-0.1253577470779419,-0.5360352396965027,1.217714786529541,-0.7200033068656921,0.17253941297531128
1764303159.878445,0.36177298426628113,0.24667774140834808,-0.46429961919784546,1.077038049697876,-0.690812349319458,0.2815093696117401,-0.3639846444129944,-0.19413509964942932,-0.5473792552947998,1.1181988716125488,-0.69094318151474,-0.05956176668405533
1764303159.9188368,0.2560451030731201,0.18624091148376465,-0.46137186884880066,0.9583408832550049,-0.6219472289085388,0.26831692457199097,-0.11413173377513885,-0.007821464911103249,-0.4681723117828369,0.8057008981704712,-0.4902842044830322,0.009774882346391678
1764303159.9592028,0.09505333006381989,0.12135543674230576,-0.3459748327732086,0.9274172186851501,-0.6501282453536987,0.2402629256248474,-0.06410610675811768,0.009933870285749435,-0.4556620717048645,0.7498689889907837,-0.4452744126319885,-0.24009229242801666
1764303159.9995723,-0.055091485381126404,-0.0038383658975362778,-0.30297738313674927,1.2684977054595947,-0.7615100741386414,-0.08886644244194031,-0.1773838847875595,-0.039694759994745255,-0.4971836805343628,0.8612179160118103,-0.4923226237297058,-0.26035046577453613
1764303160.0399444,0.0668494924902916,-0.16405969858169556,-0.3407493531703949,1.0178751945495605,-0.6606343984603882,-0.3251630365848541,-0.1974637359380722,-0.04032354801893234,-0.5114795565605164,1.1101282835006714,-0.5722790360450745,-0.09706579893827438
1764303160.0803213,0.17867697775363922,-0.0034940564073622227,-0.3763124346733093,0.6564348936080933,-0.3762092888355255,-0.17842577397823334,-0.04995955899357796,0.03951461613178253,-0.41291898488998413,0.9508843421936035,-0.4046368896961212,0.23053112626075745
1764303160.1206994,0.4679221510887146,0.22888268530368805,-0.32699015736579895,0.5016999244689941,-0.3435075283050537,0.17731867730617523,-0.06783707439899445,0.15293914079666138,-0.39781779050827026,0.7727227807044983,-0.33098211884498596,0.6945731043815613
1764303160.1610873,0.48818546533584595,0.20898723602294922,-0.44887739419937134,0.8440343141555786,-0.5691648721694946,0.346110075712204,-0.40360796451568604,-0.24634316563606262,-0.5565300583839417,1.332517147064209,-0.7087318301200867,-0.051536716520786285
1764303160.2014887,0.3248963952064514,0.1837814748287201,-0.4601000249385834,1.0183396339416504,-0.6998196840286255,0.20897836983203888,-0.3858790099620819,-0.1487199366092682,-0.5334100127220154,1.054744005203247,-0.6993734836578369,-0.009295905008912086
1764303160.241893,0.250505268573761,0.2009248435497284,-0.42197808623313904,0.9847691059112549,-0.5995951890945435,0.2545531392097473,-0.10472005605697632,0.00749732181429863,-0.4615553021430969,0.870079517364502,-0.4954162836074829,-0.008755704388022423
1764303160.282389,0.11788516491651535,0.1086699515581131,-0.3568955957889557,0.952418863773346,-0.653087854385376,0.24410802125930786,-0.0651816874742508,-0.0012545809149742126,-0.43305903673171997,0.6931365728378296,-0.44990748167037964,-0.19034607708454132
1764303160.3227882,-0.07082872092723846,0.012613988481462002,-0.31077322363853455,1.2089734077453613,-0.7525818347930908,-0.02226104401051998,-0.1390615552663803,-0.04272187873721123,-0.511540412902832,0.8359859585762024,-0.5067898631095886,-0.30939581990242004
1764303160.3631945,0.002669818699359894,-0.15829665958881378,-0.3598911464214325,1.065740704536438,-0.6934259533882141,-0.3252931237220764,-0.18160326778888702,-0.043801452964544296,-0.524746298789978,1.1078616380691528,-0.5856876969337463,-0.15064026415348053
1764303160.4035897,0.14905939996242523,0.0027386704459786415,-0.38011634349823,0.6715745329856873,-0.39466482400894165,-0.2265716940164566,-0.06298460066318512,0.040817759931087494,-0.43557268381118774,0.9701539874076843,-0.4407421052455902,0.18843171000480652
1764303160.444034,0.41041699051856995,0.21250876784324646,-0.32430028915405273,0.5584536194801331,-0.35225629806518555,0.1522316187620163,-0.053827837109565735,0.13362547755241394,-0.387928307056427,0.7727299928665161,-0.35163596272468567,0.5807818174362183
1764303160.484442,0.48725420236587524,0.22905796766281128,-0.4417809247970581,0.8482198715209961,-0.6059282422065735,0.3285164535045624,-0.3954772651195526,-0.2385050356388092,-0.5373935103416443,1.3207405805587769,-0.7303742170333862,-0.011242585256695747
1764303160.5249047,0.3278447687625885,0.19857661426067352,-0.4592183530330658,1.039499044418335,-0.6752360463142395,0.2196349799633026,-0.35652244091033936,-0.1233999952673912,-0.5237007141113281,1.0522234439849854,-0.6758232116699219,-0.0019905176013708115
1764303160.5654485,0.23427066206932068,0.18163684010505676,-0.41293787956237793,0.9740961790084839,-0.5866127014160156,0.27262404561042786,-0.09334979951381683,0.0024883151054382324,-0.439140647649765,0.8048245906829834,-0.4897468090057373,-0.02451353333890438
1764303160.6059704,0.07056447118520737,0.09751930832862854,-0.3497474789619446,0.9785629510879517,-0.6624312400817871,0.2382943034172058,-0.06510123610496521,-0.010236676782369614,-0.4398379325866699,0.7020276784896851,-0.44014137983322144,-0.23979835212230682
1764303160.6463928,-0.07800576090812683,-0.04397204518318176,-0.33098718523979187,1.2594833374023438,-0.770738959312439,-0.13561511039733887,-0.1793903410434723,-0.046347495168447495,-0.5175396203994751,0.8892868161201477,-0.5323063135147095,-0.28691887855529785
1764303160.6869144,0.052568018436431885,-0.1510428935289383,-0.3607652485370636,1.0033475160598755,-0.648044228553772,-0.34093454480171204,-0.17559197545051575,-0.0340559296309948,-0.5263056755065918,1.1101374626159668,-0.5862184762954712,-0.08707784116268158
1764303160.7273505,0.18951568007469177,0.011423456482589245,-0.38171571493148804,0.6478897333145142,-0.3632407486438751,-0.1863243728876114,-0.061375055462121964,0.04834584891796112,-0.4321850538253784,0.9475597143173218,-0.42354822158813477,0.23793141543865204
1764303160.7677956,0.45342695713043213,0.22832365334033966,-0.348450243473053,0.5325542092323303,-0.3802477717399597,0.17963804304599762,-0.0770561546087265,0.12895333766937256,-0.3982856571674347,0.7525590658187866,-0.38393303751945496,0.6299716234207153
1764303160.8082385,0.49144813418388367,0.2158411294221878,-0.4363628029823303,0.8708401322364807,-0.5873828530311584,0.34368881583213806,-0.401497483253479,-0.24648472666740417,-0.5385196208953857,1.3303873538970947,-0.7233864068984985,-0.04733870178461075
1764303160.8487146,0.32882845401763916,0.19400973618030548,-0.4494097828865051,1.051311731338501,-0.6796773672103882,0.22108551859855652,-0.3751789331436157,-0.12351320683956146,-0.5198504328727722,1.044565200805664,-0.6861679553985596,-0.0012008007615804672
1764303160.8892105,0.23254716396331787,0.18208734691143036,-0.41286319494247437,0.9844887256622314,-0.585518479347229,0.26950398087501526,-0.09605161845684052,0.0020524002611637115,-0.4371641278266907,0.812696099281311,-0.484280526638031,-0.0198895912617445
1764303160.929627,0.06544557213783264,0.09640947729349136,-0.3490839898586273,0.9921425580978394,-0.6640086770057678,0.22583234310150146,-0.06572503596544266,-0.011683937162160873,-0.4361530840396881,0.7025223970413208,-0.43310290575027466,-0.23759569227695465
1764303160.9701905,-0.07598260045051575,-0.04971587285399437,-0.33387285470962524,1.2548433542251587,-0.772726833820343,-0.15643201768398285,-0.17992764711380005,-0.04808659479022026,-0.5147595405578613,0.9006590247154236,-0.536516547203064,-0.2810981273651123
1764303161.010758,0.05630538985133171,-0.1439877450466156,-0.35862162709236145,0.9902886152267456,-0.6380171179771423,-0.34290826320648193,-0.17091131210327148,-0.030830303207039833,-0.5157641768455505,1.109710931777954,-0.5670850872993469,-0.0690641924738884
1764303161.0512114,0.19541674852371216,0.017199622467160225,-0.37635132670402527,0.6393976211547852,-0.3544744551181793,-0.17192424833774567,-0.053867537528276443,0.0510992631316185,-0.4247455596923828,0.9476790428161621,-0.40938708186149597,0.2513027489185333
1764303161.091616,0.4643144905567169,0.2392982542514801,-0.35020601749420166,0.5286794900894165,-0.38901153206825256,0.2021302729845047,-0.08392132818698883,0.13317781686782837,-0.40356534719467163,0.7600301504135132,-0.3809826374053955,0.6389185786247253
1764303161.1320078,0.49497970938682556,0.22191619873046875,-0.4377073645591736,0.8766244649887085,-0.5928465127944946,0.35085171461105347,-0.4080333113670349,-0.24993661046028137,-0.5475021600723267,1.3324590921401978,-0.7236915826797485,-0.06375397741794586
1764303161.1724856,0.3320872485637665,0.1937560886144638,-0.4504801630973816,1.0498164892196655,-0.685795783996582,0.224071204662323,-0.3821827471256256,-0.12346912175416946,-0.5228556394577026,1.0375748872756958,-0.686103343963623,-0.0021377000957727432
1764303161.212883,0.2328624576330185,0.18017686903476715,-0.41711661219596863,0.9837127327919006,-0.5918075442314148,0.2739695608615875,-0.09785082936286926,0.0032158009707927704,-0.4370763599872589,0.8022433519363403,-0.4790767431259155,-0.018196525052189827
1764303161.2532895,0.06072648614645004,0.09469804912805557,-0.35314154624938965,0.9884861707687378,-0.6763944029808044,0.2213270664215088,-0.06661107391119003,-0.009903507307171822,-0.4422401785850525,0.698652982711792,-0.4358590543270111,-0.24395327270030975
1764303161.2938359,-0.0781015157699585,-0.055772941559553146,-0.33068275451660156,1.2588021755218506,-0.7723448276519775,-0.16529251635074615,-0.18593069911003113,-0.044566281139850616,-0.5180978775024414,0.9082406759262085,-0.538625955581665,-0.28131285309791565
1764303161.3356206,0.05846942961215973,-0.14402994513511658,-0.3583066463470459,0.9876525402069092,-0.6350746154785156,-0.34282249212265015,-0.17136649787425995,-0.02881244197487831,-0.5144522786140442,1.1111916303634644,-0.5637529492378235,-0.0657145157456398
1764303161.376114,0.1961442083120346,0.01821681670844555,-0.37522947788238525,0.6412643194198608,-0.35372984409332275,-0.16861161589622498,-0.05070209875702858,0.0506480410695076,-0.4237680435180664,0.9482470154762268,-0.4071118235588074,0.24957136809825897
1764303161.4165862,0.4659007787704468,0.24021483957767487,-0.34688282012939453,0.5313543677330017,-0.3850161135196686,0.20426727831363678,-0.08483973145484924,0.1315007507801056,-0.4031684398651123,0.7609692215919495,-0.38103392720222473,0.6371938586235046
1764303161.4569564,0.4949681758880615,0.22101634740829468,-0.4354119598865509,0.8787740468978882,-0.591132402420044,0.3514407277107239,-0.40750452876091003,-0.2512604296207428,-0.5462559461593628,1.3322865962982178,-0.7239439487457275,-0.0637710765004158
1764303161.4975736,0.3320881426334381,0.19334731996059418,-0.4485435485839844,1.0504964590072632,-0.6845333576202393,0.22396045923233032,-0.38118135929107666,-0.12309059500694275,-0.5221855044364929,1.0370997190475464,-0.6859868168830872,-0.0015085786581039429
1764303161.537941,0.2323695868253708,0.17981626093387604,-0.41398483514785767,0.9848869442939758,-0.5888452529907227,0.2741778790950775,-0.09727310389280319,0.001855354756116867,-0.435417503118515,0.8013553619384766,-0.47840845584869385,-0.019419314339756966
1764303161.5783515,0.058877088129520416,0.09323325008153915,-0.352168470621109,0.994381844997406,-0.6732979416847229,0.22205762565135956,-0.06625331938266754,-0.012446509674191475,-0.4404680132865906,0.6996158361434937,-0.43500807881355286,-0.24428851902484894
1764303161.6188009,-0.07852242887020111,-0.059585560113191605,-0.33548128604888916,1.2584975957870483,-0.7734135985374451,-0.16988365352153778,-0.1858588010072708,-0.0467580147087574,-0.5166549682617188,0.912035346031189,-0.5391873717308044,-0.28212013840675354
1764303161.659199,0.05870681628584862,-0.14263573288917542,-0.3601943552494049,0.9836026430130005,-0.6331954002380371,-0.34394869208335876,-0.16934819519519806,-0.028254590928554535,-0.5144267678260803,1.1102670431137085,-0.5633761882781982,-0.0624086856842041
1764303161.6997063,0.19818058609962463,0.019469259306788445,-0.3756029009819031,0.6391117572784424,-0.35298585891723633,-0.16641858220100403,-0.0500810444355011,0.05111861974000931,-0.424458771944046,0.9465456008911133,-0.4069663882255554,0.2527991235256195
1764303161.740123,0.4670397639274597,0.24156886339187622,-0.35005831718444824,0.5317161679267883,-0.3895803689956665,0.2061089426279068,-0.08692318201065063,0.1300971806049347,-0.40437009930610657,0.7611254453659058,-0.38529694080352783,0.6353277564048767
1764303161.7805889,0.4952508211135864,0.22111622989177704,-0.4355379045009613,0.880522608757019,-0.5928065180778503,0.3514856994152069,-0.40746861696243286,-0.25160226225852966,-0.5459754467010498,1.332401990890503,-0.7247963547706604,-0.06575903296470642
1764303161.821052,0.3323875069618225,0.1931411176919937,-0.4491807222366333,1.0503156185150146,-0.6839951872825623,0.22404761612415314,-0.38052210211753845,-0.12140288949012756,-0.5218236446380615,1.03645920753479,-0.6849554777145386,-0.000982716679573059
1764303161.8614998,0.2320750653743744,0.1790187805891037,-0.41487982869148254,0.9840625524520874,-0.5899010896682739,0.2742767333984375,-0.09694907069206238,0.0024002008140087128,-0.4353500306606293,0.79958575963974,-0.47845757007598877,-0.019555049017071724
1764303161.901954,0.058366142213344574,0.09373699873685837,-0.35157209634780884,0.9933121204376221,-0.6738113760948181,0.22039106488227844,-0.06607583910226822,-0.011986719444394112,-0.4412536919116974,0.7010292410850525,-0.435560405254364,-0.24578608572483063
1764303161.942378,-0.07788094878196716,-0.05946141481399536,-0.3339376449584961,1.2568306922912598,-0.7735468149185181,-0.1705199033021927,-0.18655402958393097,-0.04604719951748848,-0.5169069766998291,0.9135808944702148,-0.5397259593009949,-0.2814832925796509
1764303161.9827948,0.06665945798158646,-0.13007667660713196,-0.38143032789230347,0.9904745817184448,-0.6348055601119995,-0.32055366039276123,-0.1753237247467041,-0.04133947566151619,-0.5042716264724731,1.104398488998413,-0.564652681350708,-0.058359093964099884
1764303162.0231593,0.18018382787704468,0.011980313807725906,-0.3799261152744293,0.691383957862854,-0.3877009153366089,-0.1309489756822586,-0.05872153490781784,0.033988870680332184,-0.4145843982696533,0.9657107591629028,-0.4162317216396332,0.21251896023750305
1764303162.0635564,0.384850412607193,0.18773068487644196,-0.35702258348464966,0.6087826490402222,-0.41793081164360046,0.17434540390968323,-0.09178289771080017,0.08803408592939377,-0.4017161726951599,0.7681776881217957,-0.39790037274360657,0.5339120030403137
1764303162.1041033,0.4492626190185547,0.21615034341812134,-0.444083034992218,0.8969070315361023,-0.6348961591720581,0.2966267168521881,-0.36612004041671753,-0.23035410046577454,-0.5132374167442322,1.2996293306350708,-0.7393691539764404,-0.008985193446278572
1764303162.1445415,0.29770389199256897,0.19841785728931427,-0.46171391010284424,1.0927554368972778,-0.6692395210266113,0.2102161943912506,-0.3071671724319458,-0.08429323881864548,-0.5115265250205994,1.0392639636993408,-0.6184972524642944,0.030137067660689354
1764303162.1849575,0.1857718527317047,0.12651585042476654,-0.4264819324016571,0.9982390403747559,-0.6113510131835938,0.1945784091949463,-0.1061815619468689,-0.02368137612938881,-0.42556101083755493,0.7793359756469727,-0.4856250286102295,-2.493336796760559e-05
1764303162.2253466,0.08595220744609833,0.08885965496301651,-0.35986804962158203,0.9811636805534363,-0.6340452432632446,0.10844860225915909,-0.09891446679830551,-0.05129212141036987,-0.4327423572540283,0.793231189250946,-0.46851876378059387,-0.14378398656845093
1764303162.2657864,0.038858622312545776,0.030022786930203438,-0.36162909865379333,1.0744690895080566,-0.6756668090820312,-0.08414458483457565,-0.16683924198150635,-0.093350350856781,-0.4430953860282898,0.880558431148529,-0.48107317090034485,-0.11804091185331345
1764303162.3061786,0.0726848691701889,-0.0024142214097082615,-0.4185144603252411,0.9759224653244019,-0.5945819020271301,-0.1327490210533142,-0.13010728359222412,-0.04705137759447098,-0.43588322401046753,1.0308473110198975,-0.5060642957687378,0.0076248254626989365
1764303162.346643,0.10736659914255142,0.04076216742396355,-0.41685646772384644,0.9088218212127686,-0.5991960167884827,0.004104482010006905,-0.10374940931797028,-0.03361179307103157,-0.4004939794540405,0.949559211730957,-0.483017235994339,0.10196202993392944
1764303162.3871646,0.13386552035808563,0.0893992930650711,-0.39746037125587463,0.9119088649749756,-0.6071540713310242,0.07776909321546555,-0.11690835654735565,-0.03469277545809746,-0.4190812110900879,0.9019801616668701,-0.4834110736846924,0.07456311583518982
1764303162.427554,0.12606099247932434,0.09963130205869675,-0.3879592716693878,0.9488632678985596,-0.6215876340866089,0.10413607209920883,-0.13361507654190063,-0.04839169234037399,-0.43016886711120605,0.8760442137718201,-0.49795976281166077,0.017705723643302917
1764303162.4680965,0.1056085079908371,0.08360365033149719,-0.388496994972229,0.9757208228111267,-0.632183849811554,0.07784083485603333,-0.13444368541240692,-0.05335960537195206,-0.4368843138217926,0.8837586045265198,-0.5084631443023682,-0.017606711015105247
1764303162.5085142,0.09618191421031952,0.06909971684217453,-0.4016694724559784,0.9715811014175415,-0.6358320713043213,0.03999711573123932,-0.12593761086463928,-0.046596284955739975,-0.44701534509658813,0.9157156944274902,-0.525344729423523,-0.01927890069782734
1764303162.5490282,0.10445784032344818,0.07423912733793259,-0.4147471487522125,0.9488914608955383,-0.6372272372245789,0.03499384969472885,-0.11579075455665588,-0.03219230845570564,-0.45292213559150696,0.9397468566894531,-0.5361987352371216,0.0027866214513778687
1764303162.589407,0.11538587510585785,0.08729754388332367,-0.41256120800971985,0.9459714293479919,-0.6355973482131958,0.05770350992679596,-0.11881369352340698,-0.025992978364229202,-0.45061689615249634,0.9356026649475098,-0.5244877338409424,0.015396028757095337
1764303162.6298158,0.11776532232761383,0.09179314225912094,-0.4077424705028534,0.9478874206542969,-0.6341584324836731,0.07051490247249603,-0.12349127233028412,-0.027086811140179634,-0.4506968855857849,0.9264863133430481,-0.5200362205505371,0.008988043293356895
1764303162.6701915,0.11554831266403198,0.09096486866474152,-0.40127599239349365,0.9521175026893616,-0.6293895244598389,0.07214052975177765,-0.12532378733158112,-0.028897184878587723,-0.4477987289428711,0.9229511022567749,-0.5164304375648499,0.0011348221451044083
1764303162.710548,0.11371328681707382,0.08847184479236603,-0.3969253599643707,0.9540785551071167,-0.6238294243812561,0.06738905608654022,-0.12539097666740417,-0.03017919510602951,-0.4447566270828247,0.9254623651504517,-0.5154980421066284,-0.001973675563931465
1764303162.7509158,0.11392749100923538,0.08672444522380829,-0.39590224623680115,0.9539784789085388,-0.6204867959022522,0.06256603449583054,-0.12451887130737305,-0.030515441671013832,-0.4428586959838867,0.9295461177825928,-0.5161915421485901,-0.0009190868586301804
1764303162.7914467,0.11557644605636597,0.08643320947885513,-0.3969210982322693,0.9528529047966003,-0.619322657585144,0.060505710542201996,-0.12387704849243164,-0.029934018850326538,-0.4424070119857788,0.9326130151748657,-0.5177522897720337,0.0015789829194545746
1764303162.8320603,0.11742767691612244,0.08701279014348984,-0.398321270942688,0.9520420432090759,-0.6195043921470642,0.06104426831007004,-0.12390084564685822,-0.02911774069070816,-0.44280731678009033,0.9337475299835205,-0.51921147108078,0.003342902287840843
1764303162.8730674,0.11863100528717041,0.08751817792654037,-0.3992599546909332,0.9518804550170898,-0.6200311183929443,0.06247376650571823,-0.12427970767021179,-0.02853895165026188,-0.44336676597595215,0.9335046410560608,-0.5202465653419495,0.0036703143268823624
1764303162.913494,0.11909012496471405,0.08760631829500198,-0.39954668283462524,0.9520717859268188,-0.620155930519104,0.06351158022880554,-0.12463589012622833,-0.028265252709388733,-0.44367241859436035,0.9329943656921387,-0.5208194255828857,0.003147859126329422
1764303162.95392,0.11912038177251816,0.08739706128835678,-0.3993728756904602,0.9523979425430298,-0.6198655962944031,0.06379241496324539,-0.12481822073459625,-0.02828153595328331,-0.4436657726764679,0.9327437877655029,-0.5210175514221191,0.0024750996381044388
1764303162.9942966,0.11913435161113739,0.08707647025585175,-0.3992307186126709,0.9524452686309814,-0.6193292737007141,0.06346195191144943,-0.12482081353664398,-0.02829875610768795,-0.44358205795288086,0.9330068230628967,-0.5212850570678711,0.0021541081368923187
1764303163.0347023,0.11935270577669144,0.08686844259500504,-0.3993314504623413,0.9521788954734802,-0.6188687682151794,0.06304094940423965,-0.1247769147157669,-0.02820790931582451,-0.4435785710811615,0.9335168600082397,-0.5216898918151855,0.0022995322942733765
1764303163.0750968,0.11974084377288818,0.08681511878967285,-0.39960914850234985,0.9517917633056641,-0.6186032295227051,0.06287354975938797,-0.12478697299957275,-0.02803540602326393,-0.4436797499656677,0.9339389801025391,-0.5221476554870605,0.0026645101606845856
1764303163.1154845,0.12016168236732483,0.08683790266513824,-0.39991554617881775,0.9514449834823608,-0.6184643507003784,0.06297104805707932,-0.12486451864242554,-0.027847735211253166,-0.44383299350738525,0.934154212474823,-0.5225778818130493,0.002986697480082512
1764303163.1560092,0.12052327394485474,0.0868573933839798,-0.40015721321105957,0.9511856436729431,-0.6183383464813232,0.0631786361336708,-0.12497465312480927,-0.027687037363648415,-0.4439782500267029,0.9342299699783325,-0.5229480266571045,0.0031760726124048233
1764303163.1964798,0.1208089292049408,0.08684321492910385,-0.4002997875213623,0.9510072469711304,-0.6181349158287048,0.0633695051074028,-0.12508955597877502,-0.02756410464644432,-0.44407057762145996,0.9342796802520752,-0.5232383012771606,0.003274383023381233
1764303163.2369797,0.12105056643486023,0.08679390698671341,-0.400389701128006,0.9508479237556458,-0.61786949634552,0.06348338723182678,-0.12519419193267822,-0.02747008018195629,-0.4441191256046295,0.9343528747558594,-0.5234931707382202,0.003357168287038803
1764303163.2774367,0.12128251045942307,0.08673061430454254,-0.40046826004981995,0.9506796598434448,-0.6175777912139893,0.06354036927223206,-0.12528786063194275,-0.02738869935274124,-0.44414567947387695,0.9344593286514282,-0.5237371921539307,0.0034695249050855637
1764303163.317824,0.1215185821056366,0.08666889369487762,-0.40055134892463684,0.9505049586296082,-0.617289125919342,0.06358231604099274,-0.12537910044193268,-0.027312586084008217,-0.44416576623916626,0.9345771074295044,-0.5239757299423218,0.003612753003835678
1764303163.358194,0.12175539135932922,0.08661191910505295,-0.4006372094154358,0.9503349661827087,-0.6170153021812439,0.06363333016633987,-0.12547294795513153,-0.027240946888923645,-0.4441855251789093,0.9346856474876404,-0.524207353591919,0.003766532987356186
1764303163.3985786,0.12198497354984283,0.08655630052089691,-0.4007193446159363,0.9501767158508301,-0.6167554259300232,0.06369545310735703,-0.1255691945552826,-0.027175243943929672,-0.44420498609542847,0.9347791075706482,-0.5244306325912476,0.003914402797818184
1764303163.4391751,0.12220282852649689,0.08649902790784836,-0.40079382061958313,0.9500318169593811,-0.6165046095848083,0.06376077979803085,-0.1256657838821411,-0.02711607702076435,-0.44422292709350586,0.934861958026886,-0.5246447324752808,0.004051065072417259
1764303163.4827166,0.12240861356258392,0.08643907308578491,-0.4008607864379883,0.9498981237411499,-0.6162595152854919,0.06382247060537338,-0.12576106190681458,-0.027062779292464256,-0.444238543510437,0.9349404573440552,-0.5248505473136902,0.004179270938038826
1764303163.5231116,0.12260433286428452,0.08637689799070358,-0.4009222090244293,0.9497725367546082,-0.6160195469856262,0.06387776136398315,-0.12585458159446716,-0.027014175429940224,-0.4442521333694458,0.9350180625915527,-0.5250498056411743,0.004303179681301117
1764303163.5635242,0.1227920800447464,0.08631330728530884,-0.4009799659252167,0.9496534466743469,-0.6157854199409485,0.06392744183540344,-0.12594632804393768,-0.026969244703650475,-0.4442644715309143,0.9350955486297607,-0.5252439975738525,0.00442490354180336
1764303163.6040173,0.12297284603118896,0.08624914288520813,-0.40103477239608765,0.9495406746864319,-0.6155577301979065,0.063973568379879,-0.12603674829006195,-0.026927342638373375,-0.44427597522735596,0.9351723194122314,-0.5254329442977905,0.004544978961348534
1764303163.6445096,0.1231469139456749,0.08618458360433578,-0.40108704566955566,0.9494336843490601,-0.6153365969657898,0.06401705741882324,-0.12612590193748474,-0.026888258755207062,-0.4442870020866394,0.935247540473938,-0.5256175994873047,0.004662664607167244
1764303163.6850064,0.12331445515155792,0.08611941337585449,-0.40113672614097595,0.9493321180343628,-0.6151217222213745,0.06405804306268692,-0.12621375918388367,-0.02685173600912094,-0.4442976117134094,0.9353211522102356,-0.5257980823516846,0.004777556285262108
1764303163.7254944,0.12347573786973953,0.08605387061834335,-0.4011840224266052,0.9492357969284058,-0.6149126291275024,0.06409646570682526,-0.1263001412153244,-0.02681761048734188,-0.4443078637123108,0.9353932738304138,-0.5259747505187988,0.0048896558582782745
1764303163.7659981,0.1236310675740242,0.08598794043064117,-0.4012291729450226,0.9491441249847412,-0.6147093772888184,0.0641322135925293,-0.12638503313064575,-0.02678576484322548,-0.4443177580833435,0.9354637265205383,-0.5261474847793579,0.00499923899769783
1764303163.8064144,0.12378080189228058,0.08592161536216736,-0.40127235651016235,0.9490563869476318,-0.6145114302635193,0.06416532397270203,-0.1264682561159134,-0.0267559215426445,-0.44432729482650757,0.9355329275131226,-0.5263172388076782,0.005106374621391296
1764303163.846796,0.12392540276050568,0.08585508167743683,-0.401313841342926,0.9489724636077881,-0.6143186688423157,0.06419586390256882,-0.12654994428157806,-0.026728006079792976,-0.4443366229534149,0.9356008172035217,-0.5264836549758911,0.005211308598518372
1764303163.8872652,0.12406501919031143,0.08578826487064362,-0.4013538062572479,0.9488921165466309,-0.6141308546066284,0.06422393023967743,-0.1266299933195114,-0.026701852679252625,-0.44434571266174316,0.9356672763824463,-0.5266472697257996,0.005314236506819725
1764303163.9277222,0.12420006841421127,0.08572138100862503,-0.4013923704624176,0.9488149285316467,-0.6139477491378784,0.06424970924854279,-0.12670834362506866,-0.02667735517024994,-0.4443545639514923,0.9357326030731201,-0.5268082022666931,0.0054152607917785645
1764303163.9681687,0.1243307888507843,0.08565450459718704,-0.4014296531677246,0.948740541934967,-0.6137692332267761,0.06427334249019623,-0.12678514420986176,-0.026654351502656937,-0.44436323642730713,0.9357966184616089,-0.5269664525985718,0.0055143460631370544
1764303164.0085628,0.12445740401744843,0.08558756113052368,-0.4014658033847809,0.9486688375473022,-0.613595187664032,0.06429489701986313,-0.12686029076576233,-0.026632776483893394,-0.4443715810775757,0.9358591437339783,-0.5271223187446594,0.005611741915345192
1764303164.049048,0.12457919865846634,0.08551977574825287,-0.4015008807182312,0.948601484298706,-0.613427996635437,0.06431344896554947,-0.12693364918231964,-0.026614351198077202,-0.4443797171115875,0.9359174370765686,-0.5272752642631531,0.00570613332092762
1764303164.0895858,0.12379434704780579,0.08354350924491882,-0.40262025594711304,0.9523186087608337,-0.614685595035553,0.06189835071563721,-0.1298120766878128,-0.02932116761803627,-0.4432690441608429,0.9331166744232178,-0.5258004069328308,0.010089751332998276
1764303164.130167,0.12425314635038376,0.08250818401575089,-0.4037052392959595,0.9506226778030396,-0.6126248240470886,0.05927235633134842,-0.12828578054904938,-0.028404487296938896,-0.44350147247314453,0.9368330240249634,-0.5285434126853943,0.010584702715277672
1764303164.1706755,0.12181374430656433,0.07698406279087067,-0.40829354524612427,0.9614195823669434,-0.6178037524223328,0.052108071744441986,-0.13658419251441956,-0.03606458380818367,-0.440712034702301,0.9292799234390259,-0.524192214012146,0.02482486516237259
1764303164.2111468,0.12079176306724548,0.07041430473327637,-0.4140970706939697,0.9640067219734192,-0.6157636642456055,0.04155424237251282,-0.13735099136829376,-0.03858688473701477,-0.4396982491016388,0.9336525201797485,-0.5287688374519348,0.03329262509942055
1764303164.2516546,0.12249454855918884,0.06901609152555466,-0.42093825340270996,0.963799238204956,-0.6168707609176636,0.037759579718112946,-0.13673818111419678,-0.037810079753398895,-0.44124138355255127,0.9401093125343323,-0.5333689451217651,0.04166469722986221
1764303164.2921522,0.12380773574113846,0.06874643266201019,-0.4253644347190857,0.9677847623825073,-0.6186709403991699,0.03816355764865875,-0.1379319429397583,-0.03734420984983444,-0.44206345081329346,0.9437633156776428,-0.5338608026504517,0.047816745936870575
1764303164.3326278,0.12061744928359985,0.06196156144142151,-0.4312344789505005,0.9780599474906921,-0.6222704648971558,0.0340009406208992,-0.14406496286392212,-0.042289793491363525,-0.44045716524124146,0.940315842628479,-0.5311875343322754,0.057068802416324615
1764303164.3730762,0.11902198195457458,0.055711083114147186,-0.4365144968032837,0.9802328944206238,-0.619769811630249,0.024305956438183784,-0.14472614228725433,-0.04405228793621063,-0.4398813247680664,0.9451203942298889,-0.5337051749229431,0.060268618166446686
1764303164.4135432,0.12021578848361969,0.054766979068517685,-0.439752995967865,0.9790034294128418,-0.6177516579627991,0.018873462453484535,-0.1423114389181137,-0.04267148673534393,-0.4401993155479431,0.9519855976104736,-0.5361515283584595,0.0589844286441803
1764303164.4540281,0.11867471039295197,0.05082029476761818,-0.4433186650276184,0.9827091693878174,-0.6190267205238342,0.01566263474524021,-0.14398372173309326,-0.045615725219249725,-0.4387972950935364,0.950063943862915,-0.534233570098877,0.05802208185195923
1764303164.494473,0.1191980242729187,0.0483366921544075,-0.44505220651626587,0.979963481426239,-0.6156477332115173,0.00920015200972557,-0.14213453233242035,-0.04688340425491333,-0.437933087348938,0.9526686668395996,-0.5362867712974548,0.050699785351753235
1764303164.5349739,0.11190149188041687,0.036137696355581284,-0.4499543607234955,0.986310601234436,-0.6171798706054688,0.002759210765361786,-0.1498154103755951,-0.06007545068860054,-0.43132203817367554,0.9382939338684082,-0.5274384021759033,0.044663265347480774
1764303164.5754282,0.10615389794111252,0.022624893113970757,-0.4536215662956238,0.9807013273239136,-0.6103436350822449,-0.014607748948037624,-0.15657539665699005,-0.07526371628046036,-0.4248510003089905,0.9284287691116333,-0.5245717763900757,0.029339276254177094
1764303164.6159077,0.1020222157239914,0.010018402710556984,-0.4565386176109314,0.972608745098114,-0.6033627986907959,-0.02854868769645691,-0.16381365060806274,-0.09122610092163086,-0.4174988269805908,0.9183948636054993,-0.5223675966262817,0.01070386916399002
1764303164.6564486,0.1034008041024208,0.00402886513620615,-0.4573214054107666,0.9599736928939819,-0.5935739874839783,-0.03182237595319748,-0.16534683108329773,-0.09877458959817886,-0.4145297408103943,0.9226025342941284,-0.527154803276062,-0.008244248107075691
1764303164.696965,0.10512199252843857,0.0007947612903080881,-0.45662346482276917,0.9548648595809937,-0.5915128588676453,-0.023773878812789917,-0.16670556366443634,-0.10348384082317352,-0.41076964139938354,0.9268852472305298,-0.528350830078125,-0.021801764145493507
1764303164.7374837,0.1058000773191452,-0.00494921300560236,-0.4566972851753235,0.9433039426803589,-0.5886522531509399,-0.014205504208803177,-0.1689370721578598,-0.10538341850042343,-0.41138142347335815,0.9307434558868408,-0.5322980284690857,-0.03639819473028183
1764303164.7778623,0.10597673058509827,-0.009999682195484638,-0.45406123995780945,0.9265550971031189,-0.5830550789833069,0.0003432938829064369,-0.1701701432466507,-0.1048407107591629,-0.41193681955337524,0.9386072754859924,-0.5373426079750061,-0.052714407444000244
1764303164.8182507,0.10867229849100113,-0.009324672631919384,-0.44851154088974,0.9009342193603516,-0.5746567249298096,0.02924356795847416,-0.1663622409105301,-0.09727000445127487,-0.4143145680427551,0.9604105949401855,-0.5473775267601013,-0.07242462038993835
1764303164.8587437,0.11441703140735626,-0.0028217376675456762,-0.44786933064460754,0.8690024614334106,-0.568217396736145,0.08802612125873566,-0.15344063937664032,-0.08152946829795837,-0.4154941439628601,1.0023635625839233,-0.5604421496391296,-0.09181293845176697
1764303164.8991604,0.12717293202877045,0.008497413247823715,-0.45856696367263794,0.8470622897148132,-0.5678537487983704,0.15176044404506683,-0.12573641538619995,-0.058124709874391556,-0.4101680517196655,1.0653549432754517,-0.5881341099739075,-0.08573711663484573
1764303164.9395623,0.14731839299201965,0.02745477296411991,-0.4782467782497406,0.8719972372055054,-0.588725209236145,0.16992394626140594,-0.08362169563770294,-0.010608868673443794,-0.41241520643234253,1.1226264238357544,-0.6362460255622864,-0.004367334768176079
1764303164.9799356,0.1451549530029297,0.017723770812153816,-0.4849730134010315,0.9520774483680725,-0.6000669002532959,0.11127424240112305,-0.05649964511394501,0.03699534386396408,-0.4312843084335327,1.0813583135604858,-0.6364892721176147,0.09213147312402725
1764303165.02031,0.11634334921836853,-0.018466893583536148,-0.4418163299560547,0.9855924844741821,-0.5551884174346924,-0.019656330347061157,-0.06888201832771301,0.00935332104563713,-0.42706814408302307,0.9688729047775269,-0.579668402671814,0.07828793674707413
1764303165.0607026,0.09948491305112839,-0.046803735196590424,-0.4016864001750946,0.9102920293807983,-0.5070226192474365,-0.17159023880958557,-0.12442825734615326,-0.07905560731887817,-0.38441914319992065,0.8685029745101929,-0.5310744047164917,-0.038290031254291534
1764303165.1011977,0.08872393518686295,-0.07069631665945053,-0.3644174635410309,0.8236356973648071,-0.44307127594947815,-0.2951034903526306,-0.20668300986289978,-0.17690744996070862,-0.3376046121120453,0.8196054697036743,-0.5094326734542847,-0.17732815444469452
1764303165.141579,0.19557686150074005,0.010011564008891582,-0.4246278405189514,0.9512587189674377,-0.5787531137466431,-0.02672486938536167,-0.3049217462539673,-0.26865190267562866,-0.34340396523475647,0.9070379137992859,-0.5905485153198242,-0.23717470467090607
1764303165.1821094,0.17100006341934204,0.047361716628074646,-0.37779468297958374,0.7006043791770935,-0.41726425290107727,0.17665919661521912,-0.1729549765586853,-0.13119027018547058,-0.41952192783355713,1.108689546585083,-0.5962347388267517,-0.1866626888513565
1764303165.2225857,0.21808116137981415,0.0584227629005909,-0.5051038861274719,0.7705913782119751,-0.5794038772583008,0.13569886982440948,-0.05233407020568848,0.06137152016162872,-0.44823354482650757,1.3362118005752563,-0.7940804958343506,0.2046825885772705
1764303165.2630997,0.19250421226024628,0.06506020575761795,-0.4883382320404053,1.0740846395492554,-0.6259965300559998,0.062403276562690735,-0.10176742076873779,0.13321173191070557,-0.4303227663040161,1.1036309003829956,-0.577160120010376,0.25293272733688354
1764303165.3034778,0.06389662623405457,-0.040367063134908676,-0.40237948298454285,1.0058265924453735,-0.5130969285964966,-0.24603503942489624,-0.11321738362312317,0.00024792179465293884,-0.39089205861091614,0.7439308166503906,-0.47882285714149475,0.1660669445991516
1764303165.3440635,0.0644693449139595,-0.08083595335483551,-0.32260337471961975,0.8285791873931885,-0.36713987588882446,-0.802512526512146,-0.3164691925048828,-0.2416854202747345,-0.34699997305870056,0.6236000061035156,-0.3174568712711334,-0.30658817291259766
1764303165.3844593,0.36541709303855896,0.18909791111946106,-0.624924898147583,1.2999804019927979,-0.7346591949462891,0.08438315987586975,-0.411847323179245,-0.2989216148853302,-0.43506884574890137,0.8431904315948486,-0.614593505859375,-0.29264935851097107
1764303165.4248736,0.27725982666015625,0.12149861454963684,-0.4658530354499817,1.0551804304122925,-0.6705827713012695,-0.02559281513094902,-0.31470757722854614,-0.20801270008087158,-0.4849097430706024,1.0271813869476318,-0.6200035214424133,-0.16630591452121735
1764303165.4652967,0.15033014118671417,-0.029411906376481056,-0.4472249150276184,0.8472663164138794,-0.5366286635398865,0.05201205611228943,-0.24424664676189423,-0.17181360721588135,-0.45335954427719116,0.9581450819969177,-0.5243110656738281,-0.08644930273294449
1764303165.5057313,0.1440967321395874,-0.0396171435713768,-0.49660736322402954,0.6977626085281372,-0.5672594308853149,0.11937518417835236,-0.16843752562999725,-0.07689731568098068,-0.466219961643219,0.9191004037857056,-0.6402761936187744,-0.10470078140497208
1764303165.5462298,0.13025745749473572,0.014706927351653576,-0.5060607194900513,0.940945029258728,-0.6693260669708252,0.2115485668182373,-0.10416777431964874,-0.07855125516653061,-0.3647068440914154,0.9976851940155029,-0.5506316423416138,-0.009583091363310814
1764303165.5867367,0.11821084469556808,0.020987950265407562,-0.47572213411331177,1.016064167022705,-0.641880452632904,0.08246564865112305,-0.10611061751842499,-0.061409059911966324,-0.39495211839675903,0.9736156463623047,-0.5280179977416992,0.0001427736133337021
1764303165.6271298,0.10564008355140686,0.0022192485630512238,-0.45623642206192017,0.9805030226707458,-0.6154052019119263,-0.004158260300755501,-0.12938158214092255,-0.09106628596782684,-0.40455424785614014,0.9234303832054138,-0.5166785717010498,-0.02256663329899311
1764303165.667635,0.09883102029561996,-0.006555622443556786,-0.43952903151512146,0.9340219497680664,-0.5886900424957275,-0.0017090700566768646,-0.14283715188503265,-0.11303539574146271,-0.3914225995540619,0.9201778173446655,-0.5159668922424316,-0.06163928657770157
1764303165.7080352,0.10314860194921494,0.0012211819412186742,-0.4299885630607605,0.8672309517860413,-0.5681116580963135,0.08292685449123383,-0.13287276029586792,-0.10272173583507538,-0.39592310786247253,0.9777164459228516,-0.5420658588409424,-0.11347361654043198
1764303165.748574,0.12806756794452667,0.018704185262322426,-0.44168370962142944,0.8212839365005493,-0.5586153268814087,0.18172018229961395,-0.10057227313518524,-0.07705129683017731,-0.40082791447639465,1.0718668699264526,-0.5863701701164246,-0.12014550715684891
1764303165.7890496,0.15864694118499756,0.04664011299610138,-0.47492262721061707,0.8514399528503418,-0.5851492285728455,0.22389505803585052,-0.035027876496315,-0.021363984793424606,-0.41274401545524597,1.1507550477981567,-0.6551567912101746,-0.007080933079123497
1764303165.8294864,0.1521342694759369,0.0254374872893095,-0.48791441321372986,1.0252481698989868,-0.6279805898666382,0.15753088891506195,3.417208790779114e-05,0.051465846598148346,-0.43719008564949036,1.0831345319747925,-0.6291592121124268,0.16040924191474915
1764303165.8699853,0.10981956124305725,-0.022733373567461967,-0.4522378444671631,1.0326932668685913,-0.5886756181716919,-0.04820901155471802,-0.03703903406858444,0.007812175899744034,-0.4419623613357544,0.9120809435844421,-0.5523024797439575,0.12392345070838928
1764303165.9103436,0.087933748960495,-0.03966677933931351,-0.416709303855896,0.9394628405570984,-0.5450053215026855,-0.17148521542549133,-0.12206712365150452,-0.12365515530109406,-0.39038580656051636,0.8220144510269165,-0.49055030941963196,-0.03484617918729782
1764303165.9507127,0.09786027669906616,-0.023434193804860115,-0.40709078311920166,0.8411181569099426,-0.5335947275161743,-0.028827965259552002,-0.15659381449222565,-0.18288353085517883,-0.3734273314476013,0.8994897603988647,-0.5554473400115967,-0.13870228826999664
1764303165.991108,0.13416892290115356,0.006455591879785061,-0.41503000259399414,0.7625331878662109,-0.5123246908187866,0.22184695303440094,-0.11062158644199371,-0.11296270787715912,-0.38896965980529785,1.0951262712478638,-0.5926401019096375,-0.16888056695461273
1764303166.0315366,0.2055044025182724,0.06080843508243561,-0.495648592710495,0.7671637535095215,-0.5686213970184326,0.260913223028183,-0.016932740807533264,0.022277597337961197,-0.4126432538032532,1.261614203453064,-0.736668050289154,0.04746197909116745
1764303166.0719347,0.19121716916561127,0.04174579679965973,-0.5120695233345032,1.0761576890945435,-0.6451176404953003,0.13309508562088013,-0.02870333380997181,0.14093303680419922,-0.4418949782848358,1.1272506713867188,-0.6264219284057617,0.2573391795158386
1764303166.1122983,0.07733285427093506,-0.015805233269929886,-0.4392758011817932,1.0570014715194702,-0.5494906306266785,-0.109101302921772,-0.06643661856651306,0.025213122367858887,-0.435523122549057,0.8321853876113892,-0.503574013710022,0.19000664353370667
1764303166.1527526,0.0689561665058136,-0.03734325245022774,-0.3783062994480133,0.8662251234054565,-0.5232383012771606,-0.3958497941493988,-0.18474498391151428,-0.14149916172027588,-0.4159923195838928,0.734820544719696,-0.43831101059913635,-0.08665131032466888
1764303166.1931937,0.1865239441394806,0.051606275141239166,-0.4389164447784424,1.0732029676437378,-0.6443526744842529,-0.2384893149137497,-0.3821861147880554,-0.3072456419467926,-0.41708022356033325,0.7787343263626099,-0.5417964458465576,-0.21741807460784912
1764303166.2335787,0.2973273992538452,0.07338796555995941,-0.4992324113845825,1.0668386220932007,-0.6739364266395569,0.07736355066299438,-0.35858598351478577,-0.23170703649520874,-0.49731045961380005,1.0187218189239502,-0.6267253160476685,-0.20489127933979034
1764303166.2739313,0.16565033793449402,-0.00538065517321229,-0.4071710705757141,0.7581148147583008,-0.4459899067878723,0.07378758490085602,-0.2256760150194168,-0.1363612562417984,-0.48323217034339905,1.0170179605484009,-0.5556907057762146,-0.18076135218143463
1764303166.3144426,0.14182744920253754,-0.003209921531379223,-0.49121177196502686,0.8000001311302185,-0.5880694389343262,0.24545073509216309,-0.10715837776660919,-0.0720345601439476,-0.3927359879016876,1.0838608741760254,-0.6228399276733398,-0.05450049787759781
1764303166.3549612,0.16500908136367798,0.035436805337667465,-0.5121746063232422,0.9796890616416931,-0.6641972661018372,0.1779429316520691,-0.011314600706100464,0.04321150481700897,-0.4124077260494232,1.1294424533843994,-0.6718301177024841,0.15690851211547852
1764303166.3954144,0.11700666695833206,-0.023161593824625015,-0.46683311462402344,1.0511505603790283,-0.625747561454773,-0.06775611639022827,-0.047988858073949814,0.03586558997631073,-0.44455304741859436,0.9292712211608887,-0.5251685380935669,0.18310478329658508
1764303166.435943,0.07757420092821121,-0.046722061932086945,-0.4050307869911194,0.9248787760734558,-0.5351740121841431,-0.2753063440322876,-0.12830756604671478,-0.09538032859563828,-0.4171467125415802,0.7901304960250854,-0.4758046567440033,0.0024622585624456406
1764303166.4764156,0.09195494651794434,-0.02172490768134594,-0.36128032207489014,0.8707340955734253,-0.5237891674041748,-0.44968685507774353,-0.2911089360713959,-0.2639036774635315,-0.38483649492263794,0.7171750068664551,-0.43444153666496277,-0.20541024208068848
1764303166.5168972,0.32243475317955017,0.16905784606933594,-0.4713103473186493,1.1635494232177734,-0.745098888874054,0.11236490309238434,-0.3946700692176819,-0.2789107859134674,-0.4577760696411133,0.9414379000663757,-0.6250768303871155,-0.2471354752779007
1764303166.557264,0.2010786384344101,0.03624895215034485,-0.3905176818370819,0.8656823635101318,-0.46702343225479126,0.009852100163698196,-0.2583119869232178,-0.20352807641029358,-0.4771885275840759,1.0453119277954102,-0.5754277110099792,-0.1684485375881195
1764303166.5976248,0.1276528686285019,-0.02137444168329239,-0.4723660349845886,0.7113213539123535,-0.4897772967815399,0.22477954626083374,-0.1373307704925537,-0.09286731481552124,-0.42410022020339966,1.058393955230713,-0.5821681022644043,-0.1798591911792755
1764303166.6380224,0.18889810144901276,0.0708024650812149,-0.5243561267852783,0.8204809427261353,-0.6354906558990479,0.3080351948738098,0.02827775850892067,0.03842625021934509,-0.3875860869884491,1.2530938386917114,-0.7615312933921814,0.13136665523052216
1764303166.6785312,0.18976521492004395,0.047374576330184937,-0.48551446199417114,1.118998408317566,-0.6194031238555908,0.08599802851676941,-0.06380962580442429,0.14057695865631104,-0.4358426034450531,1.1224991083145142,-0.5695494413375854,0.26239579916000366
1764303166.7189302,0.05679476633667946,-0.02512367069721222,-0.438815176486969,1.0382847785949707,-0.5468899607658386,-0.12992408871650696,-0.08884371817111969,0.015709001570940018,-0.42954012751579285,0.8060473203659058,-0.4959828555583954,0.1934780776500702
1764303166.7593307,0.05479337275028229,-0.036837294697761536,-0.36731773614883423,0.8341304063796997,-0.49735432863235474,-0.45955660939216614,-0.2175581157207489,-0.14691588282585144,-0.41202855110168457,0.7121683955192566,-0.41183891892433167,-0.1154218390583992
1764303166.7997906,0.23729990422725677,0.08136158436536789,-0.4646082818508148,1.1363162994384766,-0.6805757284164429,-0.1749897301197052,-0.4280618131160736,-0.3163837194442749,-0.4190877079963684,0.7773816585540771,-0.5738450288772583,-0.22773964703083038
1764303166.8401778,0.31991010904312134,0.07139647006988525,-0.5030581951141357,1.0882562398910522,-0.6801559925079346,0.05755253881216049,-0.3701971471309662,-0.23770689964294434,-0.4934764802455902,1.0219030380249023,-0.6232140064239502,-0.2133922576904297
1764303166.880585,0.15973827242851257,-0.017094330862164497,-0.3993884027004242,0.7311713695526123,-0.4341159462928772,0.07767133414745331,-0.23473161458969116,-0.1559777855873108,-0.4775499701499939,1.0011422634124756,-0.5429852604866028,-0.19565324485301971
1764303166.9209306,0.13349220156669617,-0.010890738107264042,-0.5053619742393494,0.7406888008117676,-0.5702003240585327,0.27702683210372925,-0.0947083979845047,-0.08355502784252167,-0.3916342258453369,1.0722652673721313,-0.6373617649078369,-0.08060263097286224
1764303166.9613137,0.18805944919586182,0.04992706701159477,-0.5397454500198364,0.9854846596717834,-0.6832292079925537,0.24774393439292908,0.03784361109137535,0.078677698969841,-0.38815614581108093,1.1975806951522827,-0.7341898679733276,0.22549457848072052
1764303167.0017536,0.1319698989391327,-0.001178395003080368,-0.47055771946907043,1.093018651008606,-0.6003022789955139,-0.031631022691726685,-0.0640929639339447,0.07466796040534973,-0.4438416063785553,0.9700301885604858,-0.47598737478256226,0.22399219870567322
1764303167.0422955,0.050802815705537796,-0.056808046996593475,-0.4050370454788208,0.9228515028953552,-0.5273457765579224,-0.3047536611557007,-0.12970662117004395,-0.06829063594341278,-0.42603886127471924,0.7494746446609497,-0.46586355566978455,0.05001060664653778
1764303167.0826962,0.08014039695262909,-0.03371014446020126,-0.34374186396598816,0.8287665843963623,-0.49851447343826294,-0.5833656787872314,-0.3232870101928711,-0.2708960771560669,-0.4000341594219208,0.6608854532241821,-0.40466445684432983,-0.23935945332050323
1764303167.123087,0.3557299077510834,0.20363011956214905,-0.516028642654419,1.2046314477920532,-0.7472802400588989,0.11718612909317017,-0.4094017446041107,-0.279843270778656,-0.44281673431396484,0.8976498246192932,-0.6186982989311218,-0.2725153863430023
1764303167.1634939,0.2602002024650574,0.0699903815984726,-0.4305305778980255,1.03343665599823,-0.5887062549591064,-0.006950918585062027,-0.32029688358306885,-0.2301449477672577,-0.49617063999176025,1.0399932861328125,-0.6081525087356567,-0.17072062194347382
1764303167.2040846,0.12794123589992523,-0.029227806255221367,-0.40215566754341125,0.678512454032898,-0.4111371636390686,0.10524778068065643,-0.2177656590938568,-0.1358117163181305,-0.4871341586112976,0.995328426361084,-0.5262002944946289,-0.23293261229991913
1764303167.2444832,0.14973792433738708,0.035548701882362366,-0.4916573166847229,0.7082222700119019,-0.55373615026474,0.3509017825126648,-0.029623940587043762,-0.06527801603078842,-0.37951382994651794,1.1781963109970093,-0.6876042485237122,-0.02213422767817974
1764303167.2849011,0.1993425339460373,0.06337286531925201,-0.5595037937164307,1.0781384706497192,-0.7029610872268677,0.22111833095550537,0.039306316524744034,0.16579335927963257,-0.3955816626548767,1.2126027345657349,-0.7220878005027771,0.3355505168437958
1764303167.3252661,0.12050020694732666,0.03137177601456642,-0.4693141579627991,1.0876916646957397,-0.570395290851593,-0.0337960347533226,-0.09215988963842392,0.06013110280036926,-0.44149670004844666,0.9293213486671448,-0.4400959610939026,0.22333934903144836
1764303167.365626,0.0336364321410656,-0.04400317743420601,-0.3788883090019226,0.9110847115516663,-0.4873224198818207,-0.3369705080986023,-0.19307707250118256,-0.08741921186447144,-0.4018675684928894,0.7348116636276245,-0.40096521377563477,0.025197461247444153
1764303167.4060967,0.10663631558418274,-0.02675851806998253,-0.36704424023628235,0.8624731302261353,-0.5136817097663879,-0.5493267178535461,-0.3652944564819336,-0.2777232229709625,-0.40294039249420166,0.6851593852043152,-0.4553755223751068,-0.24612359702587128
1764303167.4464958,0.37031134963035583,0.17373432219028473,-0.5221773386001587,1.1928365230560303,-0.7472429871559143,0.13273833692073822,-0.41303354501724243,-0.26651087403297424,-0.45754313468933105,0.9084712266921997,-0.640911340713501,-0.26072466373443604
1764303167.4868715,0.24872931838035583,0.044142983853816986,-0.43241003155708313,0.9820002317428589,-0.5626922845840454,0.012908680364489555,-0.30969613790512085,-0.21394836902618408,-0.4980231523513794,1.0300840139389038,-0.605687141418457,-0.1610090434551239
1764303167.5272422,0.11930893361568451,-0.038097430020570755,-0.42237597703933716,0.6690932512283325,-0.42611512541770935,0.11335353553295135,-0.20725169777870178,-0.110852912068367,-0.48407742381095886,0.9885483384132385,-0.5393087267875671,-0.22372181713581085
1764303167.5676532,0.15093830227851868,0.03389142453670502,-0.5135408043861389,0.7240735292434692,-0.5947617292404175,0.33097079396247864,-0.031903062015771866,-0.05782957002520561,-0.378755658864975,1.171156883239746,-0.7036986947059631,0.0008481480181217194
1764303167.6081595,0.1981261670589447,0.05504104122519493,-0.5552425980567932,1.0943964719772339,-0.7015061974525452,0.2011725753545761,0.02630900964140892,0.16060703992843628,-0.40325286984443665,1.1990516185760498,-0.7015352845191956,0.3214721977710724
1764303167.6485403,0.11404512822628021,0.016073118895292282,-0.4785470962524414,1.0621174573898315,-0.572779655456543,-0.05574268102645874,-0.08188486099243164,0.0605146586894989,-0.4605388641357422,0.9100255370140076,-0.46064528822898865,0.21689392626285553
1764303167.6889157,0.036325857043266296,-0.04357804358005524,-0.3894689679145813,0.8568468689918518,-0.5006598234176636,-0.3818170726299286,-0.1878485232591629,-0.08846639096736908,-0.43428266048431396,0.7216628789901733,-0.41311055421829224,-0.019028807058930397
1764303167.729311,0.1448306441307068,0.010037480853497982,-0.35636037588119507,0.9272280931472778,-0.5560364723205566,-0.5582295060157776,-0.4158676564693451,-0.30641230940818787,-0.40713411569595337,0.6666180491447449,-0.4657348394393921,-0.2829110622406006
1764303167.7697136,0.4227704405784607,0.19772715866565704,-0.5366673469543457,1.197642207145691,-0.7561116218566895,0.17226405441761017,-0.41980335116386414,-0.2615649104118347,-0.47788146138191223,0.9427261352539062,-0.6930251121520996,-0.28480425477027893
1764303167.8101282,0.23070062696933746,0.03232482448220253,-0.41769784688949585,0.9130303263664246,-0.4950125813484192,0.02973485179245472,-0.2944590449333191,-0.21495148539543152,-0.49635183811187744,1.0256118774414062,-0.6015381813049316,-0.16905538737773895
1764303167.8505807,0.12163075059652328,-0.04079490527510643,-0.464779257774353,0.6797496676445007,-0.4624530076980591,0.16926217079162598,-0.17304442822933197,-0.1003771647810936,-0.4484115242958069,1.0077259540557861,-0.5748907327651978,-0.19713403284549713
1764303167.8910854,0.16877900063991547,0.05116550251841545,-0.5282338261604309,0.770977258682251,-0.629558265209198,0.3154487609863281,0.005035426467657089,-0.0075225140899419785,-0.37368911504745483,1.2281955480575562,-0.7460850477218628,0.07696357369422913
1764303167.9315593,0.19518789649009705,0.045287057757377625,-0.5236374139785767,1.1032791137695312,-0.6554710865020752,0.12847930192947388,-0.02569473907351494,0.15665209293365479,-0.4222322702407837,1.1485090255737305,-0.6350287199020386,0.2919488549232483
1764303167.972048,0.08517201244831085,-0.016584379598498344,-0.4569310247898102,1.041452169418335,-0.5530403256416321,-0.12492196261882782,-0.07644705474376678,0.03665788471698761,-0.44011425971984863,0.842501163482666,-0.4754384756088257,0.2141520082950592
1764303168.0125113,0.03919126093387604,-0.05470937862992287,-0.3493514657020569,0.7804198861122131,-0.48007550835609436,-0.5473669767379761,-0.22579357028007507,-0.1328704059123993,-0.4274991750717163,0.6575759053230286,-0.37551721930503845,-0.1243717297911644
1764303168.0530846,0.28838399052619934,0.13975024223327637,-0.48298460245132446,1.204406499862671,-0.6990609169006348,-0.19474899768829346,-0.4755147099494934,-0.3336251676082611,-0.4203411340713501,0.7338703870773315,-0.6060217618942261,-0.25865718722343445
1764303168.0937977,0.3791663646697998,0.12241455912590027,-0.5283405780792236,1.1299959421157837,-0.7142009735107422,0.08009829372167587,-0.3866828978061676,-0.25082817673683167,-0.473497211933136,1.0400680303573608,-0.6476318836212158,-0.2442450374364853
1764303168.1356416,0.17160189151763916,-0.011995387263596058,-0.39627161622047424,0.7743610739707947,-0.4336637556552887,0.059212878346443176,-0.24867291748523712,-0.1934468150138855,-0.4652392566204071,1.009520411491394,-0.5393973588943481,-0.1927180141210556
1764303168.176182,0.12665848433971405,-0.02026965841650963,-0.4830867648124695,0.6773868799209595,-0.5022456645965576,0.2622162997722626,-0.11091098189353943,-0.0923047736287117,-0.40310174226760864,1.0755562782287598,-0.6147910356521606,-0.1465802937746048
1764303168.2166014,0.19414716958999634,0.07385657727718353,-0.5480024218559265,0.8699219822883606,-0.6652997732162476,0.3007087707519531,0.07120135426521301,0.0789576843380928,-0.3824830651283264,1.2661510705947876,-0.7895495295524597,0.2276977002620697
1764303168.2571285,0.1852826327085495,0.025956420227885246,-0.481129914522171,1.11003839969635,-0.6044211387634277,0.04218684881925583,-0.0841502696275711,0.12516716122627258,-0.4353933334350586,1.0795491933822632,-0.5232036113739014,0.24223357439041138
1764303168.2976086,0.039491236209869385,-0.06357287615537643,-0.41866549849510193,1.011138916015625,-0.5376915335655212,-0.21940742433071136,-0.10479766130447388,-0.014914605766534805,-0.41008251905441284,0.7305699586868286,-0.4732277989387512,0.19287043809890747
1764303168.338086,0.05492229387164116,-0.0599004402756691,-0.3258601129055023,0.7700634002685547,-0.43472692370414734,-0.6627210974693298,-0.2826654314994812,-0.21361881494522095,-0.39529499411582947,0.6385998129844666,-0.3726521134376526,-0.22441814839839935
1764303168.3785532,0.33901330828666687,0.2156132161617279,-0.5543452501296997,1.2609153985977173,-0.7397348880767822,0.05092145502567291,-0.4432152211666107,-0.3133719861507416,-0.45357948541641235,0.805401086807251,-0.6203302145004272,-0.27843421697616577
1764303168.4190469,0.3139092028141022,0.1058102697134018,-0.46514347195625305,1.085113525390625,-0.6630484461784363,-0.015664992853999138,-0.35221925377845764,-0.23738974332809448,-0.4938516616821289,1.0293399095535278,-0.6384341716766357,-0.1961432248353958
1764303168.4595542,0.14566999673843384,-0.027002517133951187,-0.39983290433883667,0.7385196685791016,-0.4366370439529419,0.08696558326482773,-0.24346499145030975,-0.17942878603935242,-0.47187936305999756,0.9851460456848145,-0.5240997076034546,-0.20463211834430695
1764303168.5000098,0.1310596764087677,-0.006493913009762764,-0.4798440933227539,0.6238739490509033,-0.48487207293510437,0.2818267345428467,-0.09203998744487762,-0.09649409353733063,-0.40250474214553833,1.0996938943862915,-0.6406553983688354,-0.14888258278369904
1764303168.5403774,0.2066378891468048,0.06512314826250076,-0.5759986639022827,0.8814065456390381,-0.6943201422691345,0.3082667887210846,0.09310583770275116,0.11557994037866592,-0.3871842324733734,1.2878448963165283,-0.8067830801010132,0.28257647156715393
1764303168.580835,0.18076466023921967,0.032413724809885025,-0.49347877502441406,1.1156965494155884,-0.6120913028717041,0.03465376794338226,-0.10327695310115814,0.11466024070978165,-0.436470091342926,1.0658893585205078,-0.481844037771225,0.23514316976070404
1764303168.6212184,0.02858412265777588,-0.06309538334608078,-0.41854292154312134,1.0161632299423218,-0.5463255643844604,-0.19980528950691223,-0.12974371016025543,-0.02585805580019951,-0.40875378251075745,0.7137776613235474,-0.4688951373100281,0.19990290701389313
1764303168.6616282,0.058095917105674744,-0.052910707890987396,-0.34164392948150635,0.784716010093689,-0.4334370195865631,-0.5650413632392883,-0.26415878534317017,-0.1919165551662445,-0.39915257692337036,0.6938009858131409,-0.4115179777145386,-0.19038550555706024
1764303168.7020075,0.3033415675163269,0.14920711517333984,-0.5157140493392944,1.2193868160247803,-0.7230591773986816,-0.022202467545866966,-0.45311012864112854,-0.3243175446987152,-0.4309621751308441,0.8105977177619934,-0.6010149717330933,-0.2524195611476898
1764303168.7423599,0.32423099875450134,0.0783429890871048,-0.47888922691345215,1.0791051387786865,-0.6624255776405334,0.014851981773972511,-0.36746349930763245,-0.23933014273643494,-0.49933135509490967,1.0268644094467163,-0.6355242729187012,-0.2116757333278656
1764303168.7827325,0.1493983417749405,-0.028550269082188606,-0.39921820163726807,0.6854348182678223,-0.4085208773612976,0.10090326517820358,-0.23646870255470276,-0.1705990433692932,-0.4790598154067993,0.9869088530540466,-0.5363572835922241,-0.2294507771730423
1764303168.8231559,0.14847655594348907,0.013411014340817928,-0.49655574560165405,0.6415098905563354,-0.5158416628837585,0.33569231629371643,-0.03912946209311485,-0.07414369285106659,-0.38884878158569336,1.1733832359313965,-0.6990249156951904,-0.06888226419687271
1764303168.8636417,0.20817260444164276,0.05109929293394089,-0.5772756338119507,1.014153003692627,-0.6982174515724182,0.23498523235321045,0.07055777311325073,0.17373999953269958,-0.39298123121261597,1.2369259595870972,-0.7596643567085266,0.35346755385398865
1764303168.9040596,0.14319999516010284,0.019325440749526024,-0.4601197838783264,1.0756618976593018,-0.5593454837799072,-0.05878203362226486,-0.11072063446044922,0.08363420516252518,-0.4364939332008362,0.9582167863845825,-0.42007195949554443,0.22210244834423065
1764303168.944581,0.02216196432709694,-0.06474637240171432,-0.35905855894088745,0.913172721862793,-0.46342793107032776,-0.39098355174064636,-0.21286416053771973,-0.09115809202194214,-0.37997838854789734,0.6725103259086609,-0.3803349435329437,0.058274827897548676
1764303168.9850473,0.15807312726974487,-0.04992225766181946,-0.39941149950027466,0.9254409670829773,-0.479831337928772,-0.6336679458618164,-0.42295172810554504,-0.3292616605758667,-0.3755874037742615,0.653337299823761,-0.4819796085357666,-0.3113751709461212
1764303169.0254126,0.4500683844089508,0.22475413978099823,-0.5838730931282043,1.235090970993042,-0.774281919002533,0.18905313313007355,-0.44573190808296204,-0.28953564167022705,-0.4782417416572571,0.931844174861908,-0.6903950572013855,-0.3220928907394409
1764303169.0658374,0.2803885340690613,0.06641265749931335,-0.43638116121292114,0.9829804301261902,-0.5502997636795044,0.027254333719611168,-0.34363582730293274,-0.23116248846054077,-0.5250453948974609,1.0101162195205688,-0.642006516456604,-0.19805222749710083
1764303169.1061966,0.1176598072052002,-0.05529281497001648,-0.4274689853191376,0.5949082970619202,-0.39053454995155334,0.11609497666358948,-0.21592803299427032,-0.1253095418214798,-0.49513912200927734,0.9650044441223145,-0.5606574416160583,-0.2520410418510437
1764303169.146612,0.1745266616344452,0.04623427242040634,-0.5329242944717407,0.6385480165481567,-0.5777960419654846,0.37694451212882996,0.02427755668759346,-0.050468407571315765,-0.36368125677108765,1.2582688331604004,-0.7829381227493286,0.045216210186481476
1764303169.187051,0.20735187828540802,0.045000109821558,-0.5667340755462646,1.0495094060897827,-0.6759700179100037,0.12126483023166656,-0.014667235314846039,0.19007104635238647,-0.40857017040252686,1.1745685338974,-0.6805049180984497,0.3155153691768646
1764303169.2275915,0.09851707518100739,0.002353796735405922,-0.4596673250198364,1.0807230472564697,-0.548713743686676,-0.09756321460008621,-0.08408232778310776,0.05859939754009247,-0.427539199590683,0.8760549426078796,-0.4333908259868622,0.24746745824813843
1764303169.2679796,0.024411242455244064,-0.05942393094301224,-0.3470999300479889,0.8541818261146545,-0.4530490040779114,-0.4786634147167206,-0.24029818177223206,-0.11727191507816315,-0.3865167498588562,0.6568575501441956,-0.3429107964038849,-0.011758072301745415
1764303169.3083668,0.2542700171470642,0.05332084745168686,-0.4501563310623169,1.0929980278015137,-0.632681131362915,-0.40655937790870667,-0.48303288221359253,-0.3449372947216034,-0.3970716893672943,0.7019644379615784,-0.5672481060028076,-0.28312790393829346
1764303169.3488407,0.4497637450695038,0.17106519639492035,-0.5590702891349792,1.1900887489318848,-0.7511194944381714,0.16285303235054016,-0.4438999593257904,-0.2633495330810547,-0.4977250099182129,0.9923995137214661,-0.7205709218978882,-0.2989174425601959
1764303169.389248,0.1938580423593521,-0.00044650310883298516,-0.40927907824516296,0.7837149500846863,-0.432782918214798,0.04007592797279358,-0.2683286964893341,-0.2141268253326416,-0.4809378385543823,1.0024746656417847,-0.5797450542449951,-0.20391450822353363
1764303169.429681,0.1180783286690712,-0.038256287574768066,-0.508705735206604,0.6714750528335571,-0.5242159366607666,0.26796773076057434,-0.10607551038265228,-0.09304453432559967,-0.40723615884780884,1.0595624446868896,-0.6311393976211548,-0.16175228357315063
1764303169.4701664,0.1936260312795639,0.06708928942680359,-0.5557321310043335,0.8480024337768555,-0.653956413269043,0.2836931645870209,0.09476260840892792,0.08287832140922546,-0.3786921501159668,1.2894779443740845,-0.8054575324058533,0.2503391206264496
1764303169.5106292,0.2026285082101822,0.01576651819050312,-0.49001553654670715,1.0917587280273438,-0.6045418977737427,0.03592868149280548,-0.09065762162208557,0.148625910282135,-0.4312751889228821,1.0790530443191528,-0.5464019179344177,0.25675469636917114
1764303169.5510209,0.04651276022195816,-0.07530728727579117,-0.41921141743659973,0.9906810522079468,-0.5193467736244202,-0.2657322585582733,-0.10385787487030029,-0.008245283737778664,-0.4103846848011017,0.704171895980835,-0.45161277055740356,0.2031649351119995
1764303169.591526,0.06255847960710526,-0.061680134385824203,-0.28312525153160095,0.748878538608551,-0.3947021961212158,-0.8424438238143921,-0.34807145595550537,-0.2609395980834961,-0.3779934346675873,0.5676451325416565,-0.3125893771648407,-0.2888849675655365
1764303169.6319299,0.3908095061779022,0.26741480827331543,-0.5869623422622681,1.314668893814087,-0.7471023797988892,0.1038898304104805,-0.4434404671192169,-0.3039045035839081,-0.448494553565979,0.8104525804519653,-0.6326570510864258,-0.3245452642440796
1764303169.672312,0.32355424761772156,0.15876993536949158,-0.47726568579673767,1.0635303258895874,-0.6719318628311157,-0.0011332565918564796,-0.3463849425315857,-0.2297852635383606,-0.4566277861595154,1.006196141242981,-0.6619178056716919,-0.19277754426002502
1764303169.7127254,0.1352134346961975,-0.032684359699487686,-0.40060776472091675,0.7758420705795288,-0.4543628394603729,0.08857265114784241,-0.2559679448604584,-0.20086833834648132,-0.44774484634399414,0.9796850681304932,-0.5137835741043091,-0.20796191692352295
1764303169.753139,0.11507655680179596,-0.02233653888106346,-0.4666208028793335,0.5767053365707397,-0.4540654420852661,0.2520819306373596,-0.1073828786611557,-0.1036921963095665,-0.4156743288040161,1.084344744682312,-0.6285997629165649,-0.22662349045276642
1764303169.793577,0.19366854429244995,0.08288626372814178,-0.5797972679138184,0.7841906547546387,-0.6782838106155396,0.352935791015625,0.12456618249416351,0.07675165683031082,-0.38053011894226074,1.3452370166778564,-0.8207638263702393,0.23887820541858673
1764303169.8340836,0.20787082612514496,0.05033828318119049,-0.544556736946106,1.0890644788742065,-0.6514645218849182,0.0812036544084549,-0.0584091916680336,0.15007147192955017,-0.42152202129364014,1.1164746284484863,-0.5932210683822632,0.2689512372016907
1764303169.8745263,0.059715788811445236,-0.03188103437423706,-0.43158024549484253,1.0860235691070557,-0.555545449256897,-0.12166527658700943,-0.10460954904556274,-0.007830269634723663,-0.39739498496055603,0.7091245651245117,-0.4392698109149933,0.28694018721580505
1764303169.914913,0.04771631583571434,-0.04585088789463043,-0.3311876356601715,0.8430814743041992,-0.39922812581062317,-0.531800389289856,-0.2700720727443695,-0.17996683716773987,-0.3728606104850769,0.6956436634063721,-0.34071260690689087,-0.1184486672282219
1764303169.955337,0.27944982051849365,0.09992175549268723,-0.4865390658378601,1.178450107574463,-0.7013496160507202,-0.15139690041542053,-0.472214937210083,-0.33817335963249207,-0.41677749156951904,0.7666522264480591,-0.6001637578010559,-0.24362267553806305
1764303169.9958112,0.3487306237220764,0.08612875640392303,-0.5051611065864563,1.1187909841537476,-0.7039454579353333,0.05976121127605438,-0.39146336913108826,-0.2567288875579834,-0.48001569509506226,0.9955728650093079,-0.6312785148620605,-0.23852117359638214
1764303170.0361888,0.156409353017807,-0.020962310954928398,-0.39834120869636536,0.7226396799087524,-0.43207135796546936,0.08181340992450714,-0.2415783852338791,-0.19016501307487488,-0.4657362103462219,0.9948743581771851,-0.5432977676391602,-0.234877809882164
1764303170.07667,0.12758848071098328,-0.008808757178485394,-0.5037543773651123,0.6332970857620239,-0.5170269012451172,0.3272266685962677,-0.05675330013036728,-0.08778536319732666,-0.4000292122364044,1.13429594039917,-0.6589211225509644,-0.1483018696308136
1764303170.117177,0.2142951935529709,0.057595111429691315,-0.5939879417419434,0.9308333396911621,-0.6985790729522705,0.2842576205730438,0.12429849803447723,0.15630295872688293,-0.39737698435783386,1.2850604057312012,-0.8222194314002991,0.35920196771621704
1764303170.1575963,0.1827068328857422,0.013082166202366352,-0.4887160658836365,1.0544037818908691,-0.5763112306594849,-0.040581248700618744,-0.12598766386508942,0.13195490837097168,-0.448777437210083,1.0022447109222412,-0.4480312764644623,0.2375049740076065
1764303170.1979961,0.013581231236457825,-0.08489783108234406,-0.3790997266769409,0.9074461460113525,-0.48814722895622253,-0.41374796628952026,-0.1876533180475235,-0.05932248756289482,-0.41024452447891235,0.6187773942947388,-0.3899647295475006,0.1313062459230423
1764303170.2384884,0.14962047338485718,-0.046792227774858475,-0.3623034954071045,0.8835251927375793,-0.4460022747516632,-0.793706476688385,-0.4454331398010254,-0.33906716108322144,-0.37154045701026917,0.5933949947357178,-0.4370567500591278,-0.34403136372566223
1764303170.2789862,0.45315834879875183,0.27837201952934265,-0.5975491404533386,1.2750858068466187,-0.7867980003356934,0.1960429847240448,-0.45213955640792847,-0.2953871190547943,-0.477388471364975,0.9003938436508179,-0.68050217628479,-0.34287917613983154
1764303170.3193638,0.32410532236099243,0.11118907481431961,-0.4491135776042938,1.0946065187454224,-0.6264812350273132,0.00039880629628896713,-0.3786369562149048,-0.23413965106010437,-0.5208102464675903,1.0115399360656738,-0.6832160949707031,-0.2130255550146103
1764303170.3597963,0.13650643825531006,-0.039061520248651505,-0.4083687365055084,0.6578323841094971,-0.40144145488739014,0.0899294912815094,-0.24561014771461487,-0.16946935653686523,-0.49582457542419434,0.9654588103294373,-0.5489310026168823,-0.24067731201648712
1764303170.4002728,0.14246857166290283,0.01319001242518425,-0.5044271945953369,0.6176223754882812,-0.4982970952987671,0.3629052937030792,-0.014219524338841438,-0.08279183506965637,-0.37554413080215454,1.1872535943984985,-0.7070362567901611,-0.07187849283218384
1764303170.440717,0.20617802441120148,0.055949851870536804,-0.5910585522651672,1.0168004035949707,-0.6951459050178528,0.24323806166648865,0.09715092182159424,0.18510860204696655,-0.38698840141296387,1.2599557638168335,-0.7741073966026306,0.3812236189842224
1764303170.481138,0.14882700145244598,0.0324261374771595,-0.4727226793766022,1.0870219469070435,-0.5558829307556152,-0.036304160952568054,-0.12114642560482025,0.1001988872885704,-0.43433141708374023,0.9731034636497498,-0.41773152351379395,0.2420390248298645
1764303170.5215251,0.008713506162166595,-0.0675782561302185,-0.37384629249572754,0.919438362121582,-0.4580479860305786,-0.37937453389167786,-0.20226407051086426,-0.07206407189369202,-0.38679251074790955,0.6647228598594666,-0.37940192222595215,0.10847267508506775
1764303170.5620189,0.12970781326293945,-0.04428461194038391,-0.35935744643211365,0.8641064167022705,-0.4624401032924652,-0.7036867141723633,-0.4285719096660614,-0.31905898451805115,-0.3671715557575226,0.6170812845230103,-0.4397718906402588,-0.3102852404117584
1764303170.6024399,0.44544297456741333,0.2411823868751526,-0.574830949306488,1.24746835231781,-0.7795241475105286,0.1773141771554947,-0.447322279214859,-0.29043298959732056,-0.456884503364563,0.8999569416046143,-0.6691614985466003,-0.33209624886512756
1764303170.642829,0.31155818700790405,0.08795829862356186,-0.4407917559146881,1.073122262954712,-0.6062668561935425,0.004108589142560959,-0.36401617527008057,-0.23793289065361023,-0.5111100673675537,1.0217480659484863,-0.6603733897209167,-0.2110922932624817
1764303170.6833081,0.13198262453079224,-0.03626275435090065,-0.40695011615753174,0.6417591571807861,-0.40294840931892395,0.10522061586380005,-0.23217996954917908,-0.15847638249397278,-0.4922483265399933,0.9771071672439575,-0.5501111745834351,-0.2529640197753906
1764303170.7237349,0.15080225467681885,0.03322697803378105,-0.5025862455368042,0.6448543071746826,-0.5259201526641846,0.3797612488269806,0.01023826003074646,-0.06302228569984436,-0.38096556067466736,1.2286136150360107,-0.7234112620353699,-0.031588874757289886
1764303170.764234,0.20085804164409637,0.053060952574014664,-0.5782589912414551,1.0514016151428223,-0.6890825629234314,0.19267939031124115,0.049063440412282944,0.19332504272460938,-0.4006064236164093,1.2107107639312744,-0.7310789823532104,0.36285319924354553
1764303170.8047366,0.12357154488563538,0.01522523257881403,-0.45606333017349243,1.0814281702041626,-0.5440160632133484,-0.07490778714418411,-0.09954813122749329,0.08017663657665253,-0.42706596851348877,0.9252831935882568,-0.4183932840824127,0.24474766850471497
1764303170.8451185,0.014644771814346313,-0.06612444669008255,-0.35386717319488525,0.8903571367263794,-0.4413469433784485,-0.43706440925598145,-0.22622503340244293,-0.09951270371675491,-0.3761553168296814,0.6528710722923279,-0.3589218258857727,0.05611111968755722
1764303170.8855894,0.20018436014652252,-0.013276503421366215,-0.42798805236816406,0.9987563490867615,-0.533849835395813,-0.5922826528549194,-0.46933892369270325,-0.35909900069236755,-0.3635537624359131,0.6485023498535156,-0.5140856504440308,-0.3071441352367401
1764303170.9261172,0.4875657856464386,0.22904911637306213,-0.5899618864059448,1.227471113204956,-0.7855972051620483,0.2090926468372345,-0.4628434479236603,-0.2810055911540985,-0.4873177111148834,0.9529901742935181,-0.7246312499046326,-0.3428257703781128
1764303170.9664946,0.2616419196128845,0.034394197165966034,-0.42834916710853577,0.8981612920761108,-0.48321664333343506,0.0368480384349823,-0.3255704343318939,-0.23030835390090942,-0.5059703588485718,1.001452088356018,-0.6374502182006836,-0.22324936091899872
1764303171.006866,0.11148203909397125,-0.054755549877882004,-0.4738500118255615,0.5814195871353149,-0.42611896991729736,0.19001930952072144,-0.16264641284942627,-0.11142908036708832,-0.45132961869239807,1.0028550624847412,-0.6061801910400391,-0.2437088042497635
1764303171.0473003,0.1857789158821106,0.058430202305316925,-0.553784191608429,0.6592669486999512,-0.615583062171936,0.30410391092300415,0.08314922451972961,0.01338941976428032,-0.37521225214004517,1.3681607246398926,-0.8227066397666931,0.17380133271217346
1764303171.0876815,0.2043846845626831,0.027930274605751038,-0.5477557182312012,1.0176361799240112,-0.6538868546485901,0.05536410212516785,-0.0622568354010582,0.17590433359146118,-0.42465078830718994,1.1047942638397217,-0.6522549390792847,0.29037240147590637
1764303171.1282299,0.0723324716091156,-0.04773969203233719,-0.4209355413913727,1.0279967784881592,-0.4929153025150299,-0.23315787315368652,-0.09586383402347565,0.03279729187488556,-0.40307629108428955,0.756033718585968,-0.40411216020584106,0.24972106516361237
1764303171.1687038,0.05274171382188797,-0.07255150377750397,-0.2947225272655487,0.7706410884857178,-0.3858673870563507,-0.8399498462677002,-0.3787108361721039,-0.24271124601364136,-0.3542380928993225,0.5297804474830627,-0.263882040977478,-0.20908047258853912
1764303171.2092113,0.41253259778022766,0.25355932116508484,-0.6064519882202148,1.3365700244903564,-0.7637975215911865,0.06291377544403076,-0.48130157589912415,-0.3207049071788788,-0.4416223168373108,0.8005947470664978,-0.6075179576873779,-0.3337292969226837
1764303171.249738,0.3699040710926056,0.1674969494342804,-0.4972161650657654,1.0751830339431763,-0.6781512498855591,0.0273874644190073,-0.35699641704559326,-0.23569416999816895,-0.43949654698371887,0.9991074800491333,-0.6661850810050964,-0.21178807318210602
1764303171.290121,0.14420185983181,-0.04000913351774216,-0.4101882874965668,0.8166996240615845,-0.47767627239227295,0.08501545339822769,-0.2691342830657959,-0.23299816250801086,-0.4286273419857025,0.9609056711196899,-0.5128878355026245,-0.20036141574382782
1764303171.3304763,0.09919409453868866,-0.04981996864080429,-0.46107110381126404,0.5495893359184265,-0.4459804892539978,0.2307509183883667,-0.12293918430805206,-0.11034982651472092,-0.4262498915195465,1.0330528020858765,-0.6239112615585327,-0.26820895075798035
1764303171.3708727,0.19053807854652405,0.07253678888082504,-0.5818333029747009,0.7297767400741577,-0.670863151550293,0.3783130645751953,0.133048415184021,0.04905720055103302,-0.3588784337043762,1.3730127811431885,-0.8308485746383667,0.20562757551670074
1764303171.411259,0.21143224835395813,0.04895414784550667,-0.5652312636375427,1.0683802366256714,-0.6666446328163147,0.08097968995571136,-0.04732751101255417,0.16854813694953918,-0.41403433680534363,1.1174389123916626,-0.6270838379859924,0.2870491147041321
1764303171.4516625,0.0688180923461914,-0.027813030406832695,-0.4409528076648712,1.0833773612976074,-0.5371551513671875,-0.13100962340831757,-0.09444886445999146,0.00634181872010231,-0.3951818645000458,0.7142666578292847,-0.423572301864624,0.3073640465736389
1764303171.4920633,0.04279112070798874,-0.05283653363585472,-0.3166654706001282,0.8512650728225708,-0.39714568853378296,-0.5547303557395935,-0.29740598797798157,-0.19208011031150818,-0.35886111855506897,0.6556688547134399,-0.30369263887405396,-0.0823119580745697
1764303171.5324464,0.3060039281845093,0.12761570513248444,-0.49758559465408325,1.2192374467849731,-0.7163472175598145,-0.1611941009759903,-0.49732765555381775,-0.34452536702156067,-0.4146158695220947,0.7540714144706726,-0.5925714373588562,-0.2535969018936157
1764303171.5729241,0.37813061475753784,0.11025562137365341,-0.5179890990257263,1.1467658281326294,-0.7201574444770813,0.06685782968997955,-0.40118172764778137,-0.2627825438976288,-0.4624669849872589,0.9882259368896484,-0.6399681568145752,-0.25154730677604675
1764303171.613362,0.15906289219856262,-0.02227519080042839,-0.40086203813552856,0.771833598613739,-0.45248058438301086,0.06782004237174988,-0.2529802918434143,-0.21805670857429504,-0.4458591341972351,0.9954624176025391,-0.5328769683837891,-0.23459790647029877
1764303171.6537569,0.10867759585380554,-0.02505389228463173,-0.47689127922058105,0.6085832715034485,-0.47956812381744385,0.30576080083847046,-0.08317338675260544,-0.10032964497804642,-0.4102526307106018,1.1178431510925293,-0.6143264770507812,-0.23654289543628693
1764303171.69413,0.20200608670711517,0.08429396152496338,-0.5682330131530762,0.7921825051307678,-0.6489447951316833,0.3122633993625641,0.15191395580768585,0.11123879998922348,-0.40799444913864136,1.3821793794631958,-0.837704062461853,0.3045209050178528
1764303171.7346158,0.21627026796340942,0.01921054534614086,-0.5309131145477295,1.0529965162277222,-0.6467899680137634,0.04859597235918045,-0.08026425540447235,0.16529691219329834,-0.42834359407424927,1.0899808406829834,-0.6084668636322021,0.2659909129142761
1764303171.775028,0.06014165282249451,-0.07738855481147766,-0.4076050817966461,0.9999378323554993,-0.49512842297554016,-0.29411545395851135,-0.11220939457416534,-0.004261551424860954,-0.3992742896080017,0.6562854647636414,-0.4013493061065674,0.25072768330574036
1764303171.8154752,0.07602977752685547,-0.08244014531373978,-0.31972602009773254,0.7824692726135254,-0.3815779387950897,-0.8661965727806091,-0.3959167003631592,-0.2873380780220032,-0.359873503446579,0.5340229868888855,-0.2986799478530884,-0.25694653391838074
1764303171.8559034,0.4211931824684143,0.2720252573490143,-0.6062526702880859,1.3336280584335327,-0.7644798755645752,0.10635288804769516,-0.4681614637374878,-0.3214974105358124,-0.4580666422843933,0.8133348822593689,-0.6298401355743408,-0.3417114019393921
1764303171.896379,0.35183873772621155,0.1670362651348114,-0.4851296544075012,1.0698902606964111,-0.6736619472503662,0.014663439244031906,-0.36103713512420654,-0.24010324478149414,-0.45192331075668335,0.997841477394104,-0.6711478233337402,-0.20844629406929016
1764303171.9368522,0.13773363828659058,-0.041640590876340866,-0.40199756622314453,0.7585667371749878,-0.4465506970882416,0.09610646218061447,-0.26382771134376526,-0.2226015031337738,-0.44661402702331543,0.9640218615531921,-0.5202902555465698,-0.2300391048192978
1764303171.9773188,0.11330603808164597,-0.03568302094936371,-0.46788644790649414,0.5220234990119934,-0.43343058228492737,0.26395007967948914,-0.09396252036094666,-0.1107756718993187,-0.41580021381378174,1.0978401899337769,-0.6567002534866333,-0.2565974295139313
1764303172.0177212,0.19298695027828217,0.06861983984708786,-0.602270245552063,0.731548547744751,-0.6838217377662659,0.33021223545074463,0.1631646305322647,0.10389422625303268,-0.38949012756347656,1.4124925136566162,-0.841170608997345,0.2961006760597229
1764303172.0581198,0.21207687258720398,0.0411527194082737,-0.5724244117736816,1.0442594289779663,-0.671463131904602,0.06853917986154556,-0.05782425403594971,0.15777882933616638,-0.4135841131210327,1.103140115737915,-0.6173655390739441,0.26968908309936523
1764303172.0986054,0.05852643400430679,-0.03908460587263107,-0.43270906805992126,1.0736953020095825,-0.5326405763626099,-0.15373863279819489,-0.1057862788438797,-0.0038101207464933395,-0.38924485445022583,0.6793839335441589,-0.4158852994441986,0.314979612827301
1764303172.13893,0.04237036034464836,-0.057810332626104355,-0.3111574053764343,0.8256032466888428,-0.37419745326042175,-0.6070162057876587,-0.3026275038719177,-0.20369121432304382,-0.36300089955329895,0.6521718502044678,-0.30900344252586365,-0.13302822411060333
1764303172.1793294,0.33715033531188965,0.169569730758667,-0.5318183898925781,1.2572754621505737,-0.7333415746688843,-0.08722493797540665,-0.4920380115509033,-0.3462661802768707,-0.41771578788757324,0.7784628868103027,-0.5884912014007568,-0.2655794024467468
1764303172.219759,0.3768050968647003,0.11645501852035522,-0.5109803080558777,1.1239937543869019,-0.7094866037368774,0.04792246222496033,-0.3922004699707031,-0.2616153061389923,-0.4621027410030365,0.9954711198806763,-0.6436764597892761,-0.2411869913339615
1764303172.2601728,0.154836043715477,-0.03129031881690025,-0.4007989168167114,0.7482638359069824,-0.44203996658325195,0.0801103338599205,-0.2548311650753021,-0.2227267324924469,-0.45125681161880493,0.9820714592933655,-0.5318801999092102,-0.24149934947490692
1764303172.3005512,0.11438126862049103,-0.025593847036361694,-0.4777800142765045,0.5690522193908691,-0.4608922302722931,0.30989426374435425,-0.07581332325935364,-0.10465536266565323,-0.409127414226532,1.1332670450210571,-0.6348153948783875,-0.2340496927499771
1764303172.3410408,0.20500484108924866,0.07391447573900223,-0.5898345708847046,0.7762138843536377,-0.6666615009307861,0.2981955111026764,0.15924106538295746,0.12795355916023254,-0.4131302237510681,1.3976662158966064,-0.8439821004867554,0.33420705795288086
1764303172.381413,0.2163749486207962,0.02224717289209366,-0.5448706746101379,1.043278694152832,-0.6557675004005432,0.050177156925201416,-0.08153895288705826,0.16031098365783691,-0.4248950481414795,1.088667631149292,-0.6004502773284912,0.260966420173645
1764303172.4219553,0.05410068482160568,-0.07487699389457703,-0.4070526957511902,1.0079264640808105,-0.5023547410964966,-0.28925177454948425,-0.12333141267299652,-0.014373041689395905,-0.3945043683052063,0.6326408386230469,-0.395736426115036,0.2698648273944855
1764303172.4623296,0.07481028884649277,-0.08471936732530594,-0.31410130858421326,0.7677229046821594,-0.36361101269721985,-0.8662431836128235,-0.38545456528663635,-0.2824315130710602,-0.36261874437332153,0.5531838536262512,-0.30655840039253235,-0.26597023010253906
1764303172.5027905,0.417036235332489,0.26270997524261475,-0.6091165542602539,1.3272809982299805,-0.7617623805999756,0.10307153314352036,-0.46351632475852966,-0.324544757604599,-0.4418700337409973,0.8248010873794556,-0.6099264621734619,-0.3322131037712097
1764303172.5431697,0.35674673318862915,0.16401389241218567,-0.4835723042488098,1.0724815130233765,-0.6765081882476807,0.017074117437005043,-0.3605312705039978,-0.24313783645629883,-0.44390690326690674,1.0039879083633423,-0.6586139798164368,-0.20688840746879578
1764303172.5835593,0.1385585367679596,-0.04217442497611046,-0.40092211961746216,0.7512772083282471,-0.44332367181777954,0.09881257265806198,-0.2621038854122162,-0.22587907314300537,-0.44696760177612305,0.9627305269241333,-0.5226747393608093,-0.23218996822834015
1764303172.6239426,0.11516135931015015,-0.03502650186419487,-0.46939367055892944,0.5162131786346436,-0.4344560205936432,0.26763856410980225,-0.08777141571044922,-0.10897202044725418,-0.4156634509563446,1.111838936805725,-0.6659495234489441,-0.2542329430580139
1764303172.6643462,0.19321252405643463,0.06601931154727936,-0.6052894592285156,0.7332085371017456,-0.6839880347251892,0.3184492290019989,0.1672876626253128,0.11697161942720413,-0.39759936928749084,1.4172987937927246,-0.839667022228241,0.3119887113571167
1764303172.7048485,0.21199539303779602,0.038798362016677856,-0.5716511011123657,1.0391409397125244,-0.6710554361343384,0.06520874798297882,-0.061625272035598755,0.1571781039237976,-0.41635528206825256,1.0987404584884644,-0.6152926683425903,0.26687267422676086
1764303172.7454813,0.06875723600387573,-0.015459761023521423,-0.4330560564994812,1.0871292352676392,-0.5433520078659058,-0.09255711734294891,-0.09742039442062378,0.0071159787476062775,-0.40445905923843384,0.7499700784683228,-0.434319406747818,0.2684757113456726
1764303172.7881677,0.11387023329734802,0.03849795088171959,-0.36473360657691956,0.8742662072181702,-0.4369737207889557,-0.22047096490859985,-0.13282383978366852,-0.049139879643917084,-0.37714582681655884,0.9440236687660217,-0.4693439304828644,0.01371358335018158
1764303172.8285594,0.12420566380023956,0.01983756199479103,-0.39121055603027344,0.8905919790267944,-0.5954131484031677,-0.15057972073554993,-0.16125035285949707,-0.08699309825897217,-0.40972763299942017,0.9194381237030029,-0.5259795188903809,-0.03995852917432785
1764303172.869047,0.1472022831439972,0.02034861408174038,-0.4109417796134949,0.9167733788490295,-0.6036986708641052,-0.05026138573884964,-0.1398717612028122,-0.06595107913017273,-0.416557252407074,1.0054808855056763,-0.5792843103408813,-0.0067132506519556046
1764303172.9094203,0.16919535398483276,0.013547789305448532,-0.4277603328227997,0.9231022596359253,-0.6004074811935425,-0.045161619782447815,-0.13580730557441711,-0.04447810724377632,-0.4513136148452759,1.020146131515503,-0.5988677740097046,0.002072744071483612
1764303172.9498594,0.16793012619018555,0.003780595026910305,-0.4358586370944977,0.9351755380630493,-0.6095271706581116,-0.08997345715761185,-0.13504090905189514,-0.04693526402115822,-0.4563210606575012,0.986236572265625,-0.5989327430725098,0.007264021784067154
1764303172.990289,0.1528746783733368,-0.002192192478105426,-0.4297031760215759,0.9456450939178467,-0.6163470149040222,-0.14146095514297485,-0.13196876645088196,-0.060582928359508514,-0.4381588101387024,0.9480459094047546,-0.5715528726577759,0.003085825592279434
1764303173.0308301,0.13860759139060974,-0.0017171211075037718,-0.41694918274879456,0.9449770450592041,-0.6122997999191284,-0.1744563728570938,-0.12975051999092102,-0.07741983234882355,-0.41694265604019165,0.9337252974510193,-0.5437972545623779,-0.006138412281870842
1764303173.0712485,0.13021187484264374,-0.0009073922992683947,-0.41697168350219727,0.9482696652412415,-0.6146794557571411,-0.16091838479042053,-0.1283014565706253,-0.09035971760749817,-0.40502655506134033,0.9405463933944702,-0.5356091260910034,-0.0070014577358961105
1764303173.1117465,0.1327580064535141,0.001936163753271103,-0.42275190353393555,0.9545710682868958,-0.6208368539810181,-0.12127950042486191,-0.12034393846988678,-0.08681295812129974,-0.40424561500549316,0.9629771113395691,-0.5426873564720154,0.005685465410351753
1764303173.1521113,0.13936036825180054,0.005683113820850849,-0.42469319701194763,0.9600488543510437,-0.621553897857666,-0.09678500145673752,-0.1126072108745575,-0.07516725361347198,-0.41049104928970337,0.9768934845924377,-0.5476892590522766,0.016721922904253006
1764303173.1924827,0.14187657833099365,0.009262311272323132,-0.42655715346336365,0.9640852808952332,-0.6279873847961426,-0.09614615142345428,-0.10850878059864044,-0.07025976479053497,-0.41821756958961487,0.9724563360214233,-0.5482155680656433,0.01997932605445385
1764303173.2331657,0.13474486768245697,0.014306345954537392,-0.42894917726516724,0.9739064574241638,-0.6360534429550171,-0.08550587296485901,-0.10392570495605469,-0.0736221894621849,-0.41815900802612305,0.9671733379364014,-0.5390504002571106,0.020950522273778915
1764303173.2736142,0.13363856077194214,0.021009918302297592,-0.43099838495254517,0.9735627770423889,-0.6383814215660095,-0.0681232362985611,-0.09748316556215286,-0.07055851072072983,-0.42247065901756287,0.9755162000656128,-0.5415699481964111,0.024608448147773743
1764303173.3140976,0.13588565587997437,0.027844034135341644,-0.4332517981529236,0.9746227264404297,-0.6428202390670776,-0.04629077762365341,-0.09353765845298767,-0.06515181809663773,-0.42735546827316284,0.9787611961364746,-0.5421370267868042,0.030592598021030426
1764303173.3545709,0.14252781867980957,0.036084648221731186,-0.4338163137435913,0.9695280194282532,-0.6411427855491638,-0.029954491183161736,-0.09093308448791504,-0.056982215493917465,-0.43448150157928467,0.9841760396957397,-0.5475865602493286,0.041488923132419586
1764303173.3950074,0.14819683134555817,0.04242917522788048,-0.43404752016067505,0.9689518213272095,-0.6402028799057007,-0.015014758333563805,-0.09180466085672379,-0.05156772583723068,-0.44000959396362305,0.9843833446502686,-0.5498440265655518,0.049287836998701096
1764303173.4353824,0.153217613697052,0.04797197878360748,-0.4333799183368683,0.968072772026062,-0.6374495625495911,-0.005628191865980625,-0.0928436666727066,-0.04784427583217621,-0.4447186589241028,0.9872544407844543,-0.5533300638198853,0.052205100655555725
1764303173.4758186,0.1569271981716156,0.05115256458520889,-0.4336892366409302,0.9690626859664917,-0.6361855864524841,0.00033717043697834015,-0.09482121467590332,-0.04595409333705902,-0.4484676718711853,0.9893168210983276,-0.5563259124755859,0.05291944742202759
1764303173.5161953,0.1599108725786209,0.05252104997634888,-0.4344955384731293,0.9697799682617188,-0.6345259547233582,0.002570541575551033,-0.0965619832277298,-0.044758375734090805,-0.4517025351524353,0.9923120737075806,-0.5602105855941772,0.052238065749406815
1764303173.5566695,0.16183426976203918,0.05234057828783989,-0.4355294108390808,0.9712508916854858,-0.6339206695556641,0.0031269341707229614,-0.09820304811000824,-0.044565599411726,-0.45389360189437866,0.9942822456359863,-0.562696635723114,0.05103399232029915
1764303173.597043,0.1629907786846161,0.051086846739053726,-0.4364054203033447,0.9716777801513672,-0.6328259110450745,0.0018891487270593643,-0.09941758215427399,-0.04455080255866051,-0.4552178978919983,0.9958291053771973,-0.5647083520889282,0.04970628768205643
1764303173.637622,0.16341954469680786,0.04942363128066063,-0.436901330947876,0.971720278263092,-0.6321374773979187,9.302236139774323e-05,-0.10039789974689484,-0.04495462030172348,-0.45558756589889526,0.9963593482971191,-0.5654136538505554,0.048592790961265564
1764303173.6780906,0.16338084638118744,0.04778888821601868,-0.4371011257171631,0.9712556004524231,-0.6316819787025452,-0.0018592476844787598,-0.10094121843576431,-0.0454687625169754,-0.45530083775520325,0.9962459206581116,-0.5654261112213135,0.04763610661029816
1764303173.7184808,0.1630488932132721,0.04637669771909714,-0.4371768832206726,0.9706567525863647,-0.6317070126533508,-0.003669777885079384,-0.10120030492544174,-0.046112630516290665,-0.454689621925354,0.9955044388771057,-0.5649571418762207,0.04684823378920555
1764303173.7589746,0.16256919503211975,0.045316703617572784,-0.4371398091316223,0.9700445532798767,-0.6318836212158203,-0.005267348140478134,-0.10124879330396652,-0.04672791436314583,-0.45395374298095703,0.9946077466011047,-0.5643112659454346,0.04624420404434204
1764303173.7993472,0.1620379537343979,0.04469592124223709,-0.436698853969574,0.9698411226272583,-0.6317281126976013,-0.0065300352871418,-0.1011492908000946,-0.047346990555524826,-0.453011691570282,0.99405837059021,-0.5631666779518127,0.0458221398293972
1764303173.839822,0.16157932579517365,0.04432683438062668,-0.4360995590686798,0.9697285294532776,-0.6313120126724243,-0.007541986647993326,-0.10102295875549316,-0.047888725996017456,-0.4520948529243469,0.9937918186187744,-0.5620149374008179,0.04553913325071335
1764303173.8802068,0.16129663586616516,0.04399021342396736,-0.43573248386383057,0.9694856405258179,-0.6309800148010254,-0.008380008861422539,-0.10099168121814728,-0.04829692840576172,-0.4515019655227661,0.9935835599899292,-0.5613769292831421,0.04533261060714722
1764303173.9206052,0.16114875674247742,0.043683409690856934,-0.4355856478214264,0.9692751169204712,-0.6308171153068542,-0.009024628438055515,-0.10106006264686584,-0.048587046563625336,-0.4511793553829193,0.9934444427490234,-0.561093807220459,0.045135390013456345
1764303173.9610124,0.16106626391410828,0.04341684654355049,-0.4355761408805847,0.9691398739814758,-0.6307901740074158,-0.009519167244434357,-0.10117840766906738,-0.04878644645214081,-0.4510270953178406,0.9933786988258362,-0.5610095858573914,0.04493432864546776
1764303174.0013733,0.16100876033306122,0.04318796843290329,-0.4356329143047333,0.9690742492675781,-0.6308397054672241,-0.009914057329297066,-0.10131771862506866,-0.04892641305923462,-0.45096808671951294,0.9933694005012512,-0.5610100626945496,0.04473763704299927
1764303174.0418043,0.16096067428588867,0.04298762232065201,-0.4357112944126129,0.9690489768981934,-0.6309168934822083,-0.010250566527247429,-0.10146278142929077,-0.049031976610422134,-0.45095473527908325,0.9933955669403076,-0.5610381364822388,0.04455045983195305
1764303174.0821817,0.16091489791870117,0.04280827194452286,-0.43578851222991943,0.9690437316894531,-0.6309932470321655,-0.010550091043114662,-0.10160787403583527,-0.04911903291940689,-0.45095694065093994,0.9934377074241638,-0.5610642433166504,0.04437640309333801
1764303174.1225474,0.16086968779563904,0.042645011097192764,-0.43585509061813354,0.9690424799919128,-0.6310548782348633,-0.010825634002685547,-0.10175052285194397,-0.04919576644897461,-0.4509602189064026,0.9934839010238647,-0.5610794425010681,0.044216424226760864
1764303174.163023,0.16082549095153809,0.04249460995197296,-0.43590936064720154,0.969037652015686,-0.6310985088348389,-0.01108311302959919,-0.10189057886600494,-0.049266401678323746,-0.4509596824645996,0.9935272932052612,-0.5610830783843994,0.044070035219192505
1764303174.2033997,0.16078326106071472,0.04235497862100601,-0.4359530210494995,0.9690252542495728,-0.6311253309249878,-0.011325359344482422,-0.10202835500240326,-0.04933253675699234,-0.45095497369766235,0.9935654997825623,-0.5610789060592651,0.04393623024225235
1764303174.2438369,0.16074372828006744,0.04222491383552551,-0.4359884560108185,0.9690055847167969,-0.6311379075050354,-0.011553321965038776,-0.10216420888900757,-0.04939471185207367,-0.4509473741054535,0.9935979843139648,-0.5610701441764832,0.04381365701556206
1764303174.2842338,0.1607072949409485,0.04210367053747177,-0.43601757287979126,0.9689794182777405,-0.6311393976211548,-0.011767474003136158,-0.1022985428571701,-0.049452945590019226,-0.45093828439712524,0.9936257004737854,-0.5610591173171997,0.04370107129216194
1764303174.3246348,0.160726860165596,0.042400483042001724,-0.43511098623275757,0.9698396325111389,-0.627411961555481,-0.011411064304411411,-0.10369528830051422,-0.04960726201534271,-0.4505876302719116,0.9967264533042908,-0.5552140474319458,0.040967170149087906
1764303174.3651302,0.16056972742080688,0.041931260377168655,-0.43444934487342834,0.967455267906189,-0.6237027049064636,-0.011793836951255798,-0.1056043803691864,-0.04968257248401642,-0.45053648948669434,0.997249960899353,-0.5510504841804504,0.03807096183300018
1764303174.4055092,0.16032016277313232,0.041131217032670975,-0.43359076976776123,0.963390052318573,-0.6191860437393188,-0.01279431115835905,-0.10807345807552338,-0.04936898499727249,-0.4508569836616516,0.9961142539978027,-0.5469791889190674,0.03468136489391327
1764303174.4460607,0.16027474403381348,0.04030507802963257,-0.43463587760925293,0.959223747253418,-0.6204581260681152,-0.013851819559931755,-0.10937753319740295,-0.04953962564468384,-0.45148640871047974,0.9926063418388367,-0.549859881401062,0.03391823545098305
1764303174.4864454,0.16023103892803192,0.040475789457559586,-0.4353982210159302,0.9585995078086853,-0.6222281455993652,-0.013583017513155937,-0.11013156175613403,-0.04929357022047043,-0.45211780071258545,0.9917525053024292,-0.5507795810699463,0.03338164463639259
1764303174.5269125,0.15946704149246216,0.04070935398340225,-0.4340044856071472,0.9567930698394775,-0.6181631684303284,-0.013647067360579967,-0.11220806837081909,-0.04809276759624481,-0.4530790448188782,0.991774320602417,-0.5446551442146301,0.029967354610562325
1764303174.567408,0.15628740191459656,0.038529172539711,-0.42742061614990234,0.9445821046829224,-0.5975545048713684,-0.017512299120426178,-0.11885251104831696,-0.04487259313464165,-0.45298856496810913,0.9843294620513916,-0.5224146246910095,0.021595869213342667
1764303174.607803,0.14957964420318604,0.03482282534241676,-0.41468754410743713,0.914391279220581,-0.5611253976821899,-0.02919544279575348,-0.13067977130413055,-0.041580408811569214,-0.4505064785480499,0.959418773651123,-0.486139178276062,0.011869901791214943
1764303174.648206,0.14316067099571228,0.03838968276977539,-0.4007750153541565,0.8782119750976562,-0.5442886352539062,-0.04065961763262749,-0.1450524628162384,-0.042887814342975616,-0.4498305320739746,0.9236018657684326,-0.4596492648124695,0.0026017650961875916
1764303174.6885722,0.13676533102989197,0.051902033388614655,-0.37829816341400146,0.8616815209388733,-0.5582097172737122,-0.04915366321802139,-0.1663125902414322,-0.044818855822086334,-0.45604947209358215,0.8998986482620239,-0.4412595331668854,-0.017683984711766243
1764303174.7290952,0.12459899485111237,0.061574164777994156,-0.3434460461139679,0.8760439157485962,-0.5939607620239258,-0.05992349237203598,-0.19732335209846497,-0.03904533013701439,-0.48140618205070496,0.8800287842750549,-0.4275876581668854,-0.04607682675123215
1764303174.7694716,0.10778398811817169,0.05371904373168945,-0.3008642792701721,0.9320738911628723,-0.6661748886108398,-0.08529697358608246,-0.23578839004039764,-0.024817563593387604,-0.5356011986732483,0.854272186756134,-0.43620267510414124,-0.07755906134843826
1764303174.8098774,0.1008530929684639,0.02039491944015026,-0.2606290578842163,1.0505770444869995,-0.7429938912391663,-0.1259409487247467,-0.2797341048717499,-0.003960650414228439,-0.613460898399353,0.851783275604248,-0.4731394052505493,-0.10599350184202194
1764303174.850354,0.09868855774402618,-0.04712122678756714,-0.24714720249176025,1.182175636291504,-0.7274333834648132,-0.138241246342659,-0.2832815647125244,-0.01088927686214447,-0.6711419224739075,0.8753316402435303,-0.5581815838813782,-0.0825832411646843
1764303174.890721,0.13416041433811188,-0.09355926513671875,-0.3711656332015991,0.986947774887085,-0.5090508460998535,-0.0713120549917221,-0.18429836630821228,-0.01856185495853424,-0.6304543018341064,0.8516075611114502,-0.5770734548568726,0.06255786865949631
1764303174.9311233,0.19145581126213074,-0.034901004284620285,-0.5006102323532104,0.7157744765281677,-0.30331408977508545,0.046274423599243164,-0.13114970922470093,0.004886634647846222,-0.505592942237854,0.7431293725967407,-0.4329608976840973,0.1798333376646042
1764303174.9715502,0.3899918794631958,-0.01877790503203869,-0.5909801721572876,0.7297965884208679,-0.27279895544052124,0.2144327461719513,-0.050087638199329376,0.010361362248659134,-0.1932622343301773,1.1448317766189575,-0.8227115869522095,0.31362849473953247
1764303175.0119839,0.39908915758132935,-0.053785718977451324,-0.6922626495361328,0.8122345209121704,-0.6307300329208374,0.23060785233974457,-0.2225816547870636,0.0390319898724556,-0.1248464286327362,1.6030946969985962,-0.8134296536445618,0.04368887469172478
1764303175.0523863,0.2578076720237732,0.07767599076032639,-0.6750587821006775,1.0069400072097778,-0.5989671349525452,0.12052203714847565,-0.1857680082321167,0.11145170778036118,-0.16941335797309875,1.2822422981262207,-0.7271814942359924,0.12066734582185745
1764303175.092834,0.13715767860412598,0.1315808743238449,-0.6657446026802063,0.9671007394790649,-0.41382646560668945,0.05113116651773453,-0.12672507762908936,0.08857645094394684,-0.3413250744342804,0.9141080379486084,-0.4130564033985138,0.1370195597410202
1764303175.1332126,0.053408898413181305,0.05362513288855553,-0.5042422413825989,0.7290424108505249,-0.31270527839660645,-0.22705699503421783,-0.19638575613498688,0.05338311195373535,-0.5032357573509216,0.7088865041732788,-0.15909844636917114,-0.06109357625246048
1764303175.1738148,-0.03850257396697998,0.1350937932729721,-0.25839245319366455,1.1920822858810425,-1.075108528137207,-0.2809779942035675,-0.4428035616874695,-0.07229603081941605,-0.6194078922271729,0.5516918301582336,-0.19420498609542847,-0.2012944221496582
1764303175.2143486,0.17646650969982147,-0.03623003512620926,-0.14816512167453766,1.4890540838241577,-0.7464569211006165,-0.029428554698824883,-0.41620105504989624,0.04691104590892792,-0.599347710609436,0.7145312428474426,-0.4920925498008728,-0.29029181599617004
1764303175.2547262,0.22243066132068634,0.0008055740618146956,-0.12711726129055023,1.3847377300262451,-0.7425003051757812,-0.07430247217416763,-0.33291196823120117,-0.052073292434215546,-0.6240621209144592,1.0024656057357788,-0.6051867008209229,-0.1995973140001297
1764303175.2951112,0.12322135269641876,-0.05604611337184906,-0.13418321311473846,1.1257153749465942,-0.45419156551361084,-0.14986272156238556,-0.17669902741909027,-0.12725138664245605,-0.6565356850624084,1.113442301750183,-0.4615122973918915,-0.09392178803682327
1764303175.3354814,0.19068315625190735,-0.01893937587738037,-0.3861655592918396,0.7665646076202393,-0.2938373386859894,-0.044183116406202316,-0.08228914439678192,-0.07533544301986694,-0.5510185956954956,0.8719045519828796,-0.22547799348831177,0.06304872035980225
1764303175.3758686,0.3601388931274414,-0.016380172222852707,-0.5704402923583984,0.6450079679489136,-0.02760082483291626,0.14840050041675568,-0.00767059251666069,-0.08538652956485748,-0.40360137820243835,0.6863850355148315,-0.48770883679389954,0.35104385018348694
1764303175.4163358,0.4911220967769623,-0.020606687292456627,-0.6472647190093994,0.6316274404525757,-0.25239282846450806,0.23055900633335114,-0.0345333069562912,-0.061278872191905975,-0.17624753713607788,1.5057040452957153,-0.9319429397583008,0.20410342514514923
1764303175.4567692,0.4089369475841522,-0.05514788255095482,-0.6239718198776245,0.7959895730018616,-0.5852913856506348,0.2544231712818146,-0.2575121521949768,-0.029931262135505676,-0.1508285254240036,1.5472416877746582,-0.7042148113250732,0.014720681123435497
1764303175.4972875,0.27385687828063965,0.07903094589710236,-0.6239955425262451,1.147741436958313,-0.6328074932098389,0.1803281307220459,-0.22717316448688507,0.042003333568573,-0.10545015335083008,1.3689830303192139,-0.7361646890640259,0.14906544983386993
1764303175.5377107,0.1611509919166565,0.16331224143505096,-0.605053186416626,1.0720585584640503,-0.37516605854034424,0.07353299856185913,-0.1419968456029892,0.07960852235555649,-0.263858437538147,1.0171537399291992,-0.4717743396759033,0.14522650837898254
1764303175.5781193,0.08997470885515213,0.031191054731607437,-0.5697888135910034,0.7790827751159668,-0.22890406847000122,-0.1515813022851944,-0.15906839072704315,0.07041163742542267,-0.44241654872894287,0.7575618028640747,-0.2631186246871948,0.014576091431081295
1764303175.6186106,-0.06357169151306152,0.09623107314109802,-0.36952731013298035,0.8261707425117493,-0.8885747194290161,-0.3854402005672455,-0.37006133794784546,-0.04138016700744629,-0.6295281648635864,0.5597844123840332,-0.06398707628250122,-0.15896883606910706
1764303175.6591682,0.12369328737258911,0.01579185202717781,-0.19051480293273926,1.4241269826889038,-0.7688740491867065,-0.06801427155733109,-0.48307886719703674,0.08853442966938019,-0.5825161337852478,0.5920091867446899,-0.42012548446655273,-0.21275091171264648
1764303175.6996808,0.24070537090301514,0.0035046974662691355,-0.12412059307098389,1.4995226860046387,-0.7536727786064148,-0.04838407784700394,-0.38644737005233765,-0.025117529556155205,-0.6590108871459961,0.8470983505249023,-0.6841544508934021,-0.24948786199092865
1764303175.7401724,0.2041904479265213,0.0028208272997289896,-0.09878948330879211,1.2171556949615479,-0.6148772239685059,-0.16309894621372223,-0.26319465041160583,-0.14017453789710999,-0.7035189867019653,1.0891854763031006,-0.5838296413421631,-0.14689511060714722
1764303175.7805524,0.1466905176639557,-0.04196937382221222,-0.2883298993110657,0.777667760848999,-0.3200739920139313,-0.08216046541929245,-0.1053650975227356,-0.133574977517128,-0.6160141229629517,0.9190873503684998,-0.26409971714019775,0.008583614602684975
1764303175.8209405,0.31340575218200684,-0.008169607259333134,-0.5528368353843689,0.6140369772911072,-0.06039845943450928,0.1080852523446083,-0.0160470400005579,-0.05720702186226845,-0.47700759768486023,0.6464406251907349,-0.31695714592933655,0.3037112355232239
1764303175.861359,0.4718214273452759,0.013315466232597828,-0.6386516094207764,0.5779582858085632,-0.23060733079910278,0.19436031579971313,-0.005552694201469421,-0.0773933008313179,-0.29457777738571167,1.3809109926223755,-1.0777274370193481,0.24987797439098358
1764303175.9017546,0.4330221712589264,-0.0693194791674614,-0.6706489324569702,0.6127674579620361,-0.5693390369415283,0.2436400055885315,-0.2350836992263794,-0.03894377499818802,-0.18920603394508362,1.5687446594238281,-0.7179214954376221,0.001621987670660019
1764303175.9422717,0.30339735746383667,0.04924645274877548,-0.6793378591537476,0.998740553855896,-0.7370964288711548,0.1897180676460266,-0.24626588821411133,-0.029088083654642105,-0.11143271625041962,1.433279037475586,-0.7281122803688049,0.1142917200922966
1764303175.9826381,0.17709633708000183,0.17373764514923096,-0.6585913896560669,1.0734840631484985,-0.4778265357017517,0.08011433482170105,-0.16237092018127441,0.0921473354101181,-0.23103433847427368,1.0557159185409546,-0.500103235244751,0.1880180835723877
1764303176.0230732,0.08844644576311111,0.054398611187934875,-0.6040118932723999,0.8336791396141052,-0.26448696851730347,-0.08431682735681534,-0.1497679352760315,0.07297276705503464,-0.4068737030029297,0.7921782732009888,-0.2985403835773468,0.0646204873919487
1764303176.063562,-0.05253960192203522,0.05744127184152603,-0.42251330614089966,0.7410931587219238,-0.7487579584121704,-0.3782981038093567,-0.3129441440105438,-0.009437449276447296,-0.6198019981384277,0.5564368367195129,-0.04719662666320801,-0.14527511596679688
1764303176.1040695,0.14345616102218628,0.08628077059984207,-0.2902849614620209,1.269995927810669,-0.8149194121360779,-0.1333133429288864,-0.4142075181007385,-0.018901005387306213,-0.49081355333328247,0.5149548649787903,-0.528234601020813,-0.1559332013130188
1764303176.1444356,0.31434836983680725,0.04370441287755966,-0.43768543004989624,1.1626536846160889,-0.6486333608627319,-0.052623897790908813,-0.2892708480358124,-0.14290937781333923,-0.5168759822845459,0.7287733554840088,-0.7829423546791077,-0.1363145112991333
1764303176.1848412,0.2103697657585144,0.007987643592059612,-0.4463531970977783,1.067576289176941,-0.569797933101654,-0.07921876758337021,-0.21315723657608032,-0.10743873566389084,-0.4970530867576599,1.0998607873916626,-0.613204836845398,-0.05502094328403473
1764303176.2252483,0.16551357507705688,-0.00921364314854145,-0.40227270126342773,0.8313028812408447,-0.49209320545196533,-0.039864856749773026,-0.15481755137443542,-0.016792332753539085,-0.4775441884994507,1.039528489112854,-0.56777024269104,0.029312076047062874
1764303176.2657843,0.18283870816230774,0.030402690172195435,-0.4681857228279114,0.8882763385772705,-0.6617670059204102,0.027986230328679085,-0.14944441616535187,-0.030992256477475166,-0.4583160877227783,0.9163882732391357,-0.6067681312561035,0.12782539427280426
1764303176.3062513,0.17965170741081238,0.0636725053191185,-0.46875813603401184,0.9343339204788208,-0.6743713021278381,0.03211501985788345,-0.1329902708530426,-0.00838623009622097,-0.47230273485183716,0.9679078459739685,-0.6247251033782959,0.07845449447631836
1764303176.3466578,0.16675208508968353,0.06836730986833572,-0.4649491608142853,0.9715977907180786,-0.6799729466438293,0.025057772174477577,-0.13462747633457184,-0.01272660493850708,-0.4802694320678711,0.9930833578109741,-0.6020761132240295,0.05984864383935928
1764303176.3870876,0.16360190510749817,0.06140845641493797,-0.46171748638153076,0.9659721851348877,-0.6669244170188904,0.006962127983570099,-0.12904182076454163,-0.010905865579843521,-0.47995173931121826,1.0060490369796753,-0.5988935232162476,0.06103052198886871
1764303176.4275646,0.16300946474075317,0.05742562934756279,-0.4556288421154022,0.9642324447631836,-0.6542167663574219,-0.0010370342060923576,-0.12870536744594574,-0.016211122274398804,-0.4752795696258545,1.0047681331634521,-0.5892992615699768,0.06593278050422668
1764303176.4680657,0.16234096884727478,0.05579192936420441,-0.44593289494514465,0.9613335132598877,-0.6383866667747498,-0.011445366777479649,-0.1272716224193573,-0.021305572241544724,-0.4681125283241272,1.0039136409759521,-0.5794245004653931,0.06520862132310867
1764303176.5084305,0.16034793853759766,0.05352982506155968,-0.43688851594924927,0.9589939713478088,-0.6269833445549011,-0.02149043418467045,-0.12626485526561737,-0.027118142694234848,-0.4601743817329407,0.9995061755180359,-0.5689680576324463,0.06365247815847397
1764303176.548803,0.15893250703811646,0.05048876628279686,-0.4310741424560547,0.9549881815910339,-0.620518147945404,-0.031664781272411346,-0.12497185170650482,-0.03210094943642616,-0.4541962742805481,0.994519054889679,-0.5635875463485718,0.06154818832874298
1764303176.5891676,0.15855029225349426,0.046592485159635544,-0.42895281314849854,0.9517797231674194,-0.6183161735534668,-0.04049918055534363,-0.1240532398223877,-0.03640471398830414,-0.4509047269821167,0.9898977875709534,-0.5624233484268188,0.0590849332511425
1764303176.6295397,0.15755853056907654,0.043434981256723404,-0.4280458688735962,0.9512443542480469,-0.618680477142334,-0.04689984768629074,-0.12294188141822815,-0.03997350111603737,-0.4481361508369446,0.9866605401039124,-0.5610076785087585,0.05668765306472778
1764303176.669916,0.15646110475063324,0.041006844490766525,-0.42765939235687256,0.9513943791389465,-0.6194357872009277,-0.051591306924819946,-0.12145809829235077,-0.04264276474714279,-0.44613659381866455,0.9850425720214844,-0.559907853603363,0.05494255572557449
1764303176.7102785,0.1553884744644165,0.039302486926317215,-0.4274356961250305,0.9519878029823303,-0.6204600930213928,-0.054481081664562225,-0.12000089883804321,-0.04471429064869881,-0.4446074664592743,0.983975887298584,-0.5584787130355835,0.054075248539447784
1764303176.7507107,0.1544438600540161,0.03838472440838814,-0.4271509051322937,0.9524858593940735,-0.6211149096488953,-0.055934250354766846,-0.11862336099147797,-0.046086352318525314,-0.44340455532073975,0.9834535121917725,-0.5569841861724854,0.05394979938864708
1764303176.7911015,0.15380841493606567,0.03815668448805809,-0.4267520308494568,0.9528298377990723,-0.6213521361351013,-0.05637085437774658,-0.11754782497882843,-0.0469500795006752,-0.44258370995521545,0.9832872152328491,-0.5557334423065186,0.05428101494908333
1764303176.8315165,0.15361665189266205,0.038255710154771805,-0.42659521102905273,0.9528824090957642,-0.621528685092926,-0.056009285151958466,-0.11683757603168488,-0.0473925918340683,-0.44233253598213196,0.9833211898803711,-0.5553051233291626,0.054843224585056305
1764303176.8719003,0.15381819009780884,0.03850257024168968,-0.42673468589782715,0.9528959393501282,-0.6219789981842041,-0.05508577823638916,-0.11642056703567505,-0.04757186025381088,-0.4426116347312927,0.9835243225097656,-0.5556093454360962,0.05537426471710205
1764303176.9122827,0.1542157232761383,0.0388193279504776,-0.42695146799087524,0.9531583786010742,-0.6225528717041016,-0.05386817455291748,-0.11613693833351135,-0.04761277884244919,-0.4431437849998474,0.9840208888053894,-0.5561709403991699,0.055730968713760376
1764303176.9526706,0.15468356013298035,0.03913021832704544,-0.427180677652359,0.953564465045929,-0.6230657696723938,-0.05260658264160156,-0.11593921482563019,-0.04755237698554993,-0.44376760721206665,0.9847273826599121,-0.5568269491195679,0.05595019459724426
1764303176.9931023,0.15514211356639862,0.039381563663482666,-0.42741668224334717,0.9539677500724792,-0.6234553456306458,-0.05144990235567093,-0.1158406138420105,-0.04742388427257538,-0.444389671087265,0.9854651689529419,-0.5574957132339478,0.056086573749780655
1764303177.033543,0.15546751022338867,0.039604976773262024,-0.42754173278808594,0.954401969909668,-0.6237557530403137,-0.050450608134269714,-0.11580274999141693,-0.04732454568147659,-0.44485241174697876,0.9861104488372803,-0.5579005479812622,0.05614623427391052
1764303177.0740223,0.15569418668746948,0.03978389874100685,-0.4275333285331726,0.9547609090805054,-0.6238377690315247,-0.04967319965362549,-0.11575844883918762,-0.047259196639060974,-0.445147305727005,0.9866909980773926,-0.5580921769142151,0.05617532134056091
1764303177.1144152,0.15586616098880768,0.039905183017253876,-0.4274453818798065,0.955005407333374,-0.6237522959709167,-0.04908765107393265,-0.11572743952274323,-0.04723908752202988,-0.4453117847442627,0.9871323704719543,-0.5581489205360413,0.05621621012687683
1764303177.1549523,0.1560116708278656,0.03997579216957092,-0.42732372879981995,0.9551358222961426,-0.6235526204109192,-0.048649370670318604,-0.11570850014686584,-0.04725402593612671,-0.44538962841033936,0.9874429702758789,-0.5581440925598145,0.05626779422163963
1764303177.195324,0.1561424732208252,0.040008462965488434,-0.42720091342926025,0.9551846981048584,-0.6232988834381104,-0.048308365046978,-0.11570319533348083,-0.0472932793200016,-0.445417582988739,0.987647533416748,-0.5581190586090088,0.05632566660642624
1764303177.2357023,0.15626177191734314,0.04001307114958763,-0.427111953496933,0.9551746845245361,-0.6230530142784119,-0.04801911860704422,-0.11570942401885986,-0.047339871525764465,-0.44543081521987915,0.9877707958221436,-0.5581151247024536,0.05638674646615982
1764303177.2761014,0.15637239813804626,0.04000692069530487,-0.4270470142364502,0.9551459550857544,-0.6228256821632385,-0.04776185005903244,-0.11572061479091644,-0.04738805443048477,-0.44544196128845215,0.9878557324409485,-0.5581230521202087,0.056441932916641235
1764303177.3165588,0.1564728021621704,0.03999735042452812,-0.4269979000091553,0.9551181793212891,-0.6226192712783813,-0.0475212037563324,-0.11573317646980286,-0.047436006367206573,-0.445453405380249,0.9879246354103088,-0.5581346750259399,0.05648938566446304
1764303177.3569617,0.1565638780593872,0.03998854383826256,-0.4269598424434662,0.9550970792770386,-0.6224319338798523,-0.04728937894105911,-0.11574515700340271,-0.047480981796979904,-0.44546598196029663,0.987989068031311,-0.5581470131874084,0.05652984231710434
1764303177.397434,0.1566462516784668,0.03998233377933502,-0.4269298017024994,0.9550843834877014,-0.6222612261772156,-0.04706283658742905,-0.11575700342655182,-0.04752184823155403,-0.4454801082611084,0.9880526661872864,-0.5581581592559814,0.056564122438430786
1764303177.437828,0.15672093629837036,0.03997919708490372,-0.4269059896469116,0.9550792574882507,-0.6221041083335876,-0.04684056341648102,-0.11576893925666809,-0.04755823314189911,-0.4454955458641052,0.9881162643432617,-0.5581680536270142,0.05659269541501999
1764303177.478262,0.15678855776786804,0.03997884318232536,-0.4268874228000641,0.9550814628601074,-0.6219589710235596,-0.046622298657894135,-0.11578141152858734,-0.047590307891368866,-0.44551196694374084,0.9881796836853027,-0.5581766366958618,0.056616008281707764
1764303177.5186572,0.1568496823310852,0.039980873465538025,-0.4268735647201538,0.9550896883010864,-0.6218240261077881,-0.04640870541334152,-0.11579461395740509,-0.0476185604929924,-0.4455292224884033,0.9882426261901855,-0.5581839084625244,0.05663413554430008
1764303177.559092,0.15690472722053528,0.039984893053770065,-0.4268639087677002,0.9551029801368713,-0.6216979622840881,-0.04619995504617691,-0.11580856144428253,-0.04764321818947792,-0.4455466866493225,0.9883046746253967,-0.5581900477409363,0.05664769187569618
1764303177.5994701,0.15695425868034363,0.03999048098921776,-0.42685794830322266,0.9551209211349487,-0.6215797066688538,-0.04599658399820328,-0.11582346260547638,-0.04766474664211273,-0.44556424021720886,0.988365113735199,-0.5581948757171631,0.0566568598151207
1764303177.6399658,0.15699845552444458,0.039997346699237823,-0.4268553853034973,0.955142617225647,-0.6214680671691895,-0.04579862952232361,-0.1158391535282135,-0.04768344759941101,-0.4455816447734833,0.9884239435195923,-0.5581985712051392,0.05666184425354004
1764303177.6803405,0.1570378839969635,0.04000512510538101,-0.42685598134994507,0.9551674127578735,-0.6213623285293579,-0.04560635983943939,-0.11585570871829987,-0.0476997010409832,-0.44559866189956665,0.9884807467460632,-0.5582009553909302,0.05666303634643555
1764303177.7208197,0.1570727825164795,0.040013592690229416,-0.4268595278263092,0.9551947712898254,-0.6212620139122009,-0.045419588685035706,-0.11587324738502502,-0.04771373048424721,-0.4456152319908142,0.9885354042053223,-0.5582025051116943,0.05666054040193558
1764303177.7612052,0.15710365772247314,0.04002257063984871,-0.4268656373023987,0.9552245736122131,-0.6211662888526917,-0.045238323509693146,-0.11589168012142181,-0.047725699841976166,-0.445631206035614,0.9885882139205933,-0.5582031607627869,0.05665461719036102
1764303177.801655,0.157130628824234,0.04003206640481949,-0.42687416076660156,0.9552564024925232,-0.6210747361183167,-0.045062363147735596,-0.11591088771820068,-0.04773574322462082,-0.44564658403396606,0.9886391162872314,-0.5582027435302734,0.056645557284355164
1764303177.842054,0.15715445578098297,0.04004208371043205,-0.426885724067688,0.9552887678146362,-0.6209841966629028,-0.04489091411232948,-0.11593224108219147,-0.047742344439029694,-0.4456619620323181,0.9886893630027771,-0.5582036375999451,0.056634571403265
1764303177.8825228,0.1571756899356842,0.04005226865410805,-0.42690062522888184,0.9553197622299194,-0.6208930611610413,-0.04472225159406662,-0.11595679819583893,-0.04774461314082146,-0.44567808508872986,0.9887398481369019,-0.5582069754600525,0.056623801589012146
1764303177.922945,0.1571950614452362,0.040062613785266876,-0.4269179403781891,0.955349862575531,-0.6208046674728394,-0.044555358588695526,-0.11598344147205353,-0.04774431511759758,-0.44569504261016846,0.9887889623641968,-0.5582118034362793,0.05661248415708542
1764303177.9634538,0.15721336007118225,0.04007328674197197,-0.42693695425987244,0.95537930727005,-0.6207185983657837,-0.044389307498931885,-0.11601120233535767,-0.047741785645484924,-0.4457125663757324,0.9888385534286499,-0.5582172274589539,0.05660068988800049
1764303178.0039508,0.15723088383674622,0.04008454456925392,-0.4269571900367737,0.9554084539413452,-0.6206346750259399,-0.044223539531230927,-0.1160399317741394,-0.047737300395965576,-0.44573086500167847,0.9888886213302612,-0.5582231283187866,0.05658835172653198
1764303178.044352,0.1572469174861908,0.04009651020169258,-0.4269799590110779,0.9554375410079956,-0.6205545663833618,-0.04405679553747177,-0.11606979370117188,-0.04773019626736641,-0.44574981927871704,0.9889382719993591,-0.5582304000854492,0.05657601356506348
1764303178.0848536,0.15726235508918762,0.04010927677154541,-0.4270048439502716,0.9554664492607117,-0.6204777359962463,-0.04389096423983574,-0.1161004900932312,-0.04772092401981354,-0.4457702040672302,0.9889882206916809,-0.558239758014679,0.056562528014183044
1764303178.125345,0.15727722644805908,0.040122322738170624,-0.42703112959861755,0.9554961919784546,-0.6204046010971069,-0.04372681677341461,-0.11613202095031738,-0.04771055281162262,-0.4457917809486389,0.9890379905700684,-0.5582501888275146,0.05654721334576607
1764303178.1657202,0.15729114413261414,0.04013534262776375,-0.4270583391189575,0.9555268287658691,-0.6203343868255615,-0.04356490075588226,-0.11616387963294983,-0.047699570655822754,-0.44581395387649536,0.989087700843811,-0.558260440826416,0.056529730558395386
1764303178.2062118,0.1573040783405304,0.040148135274648666,-0.4270862638950348,0.9555577635765076,-0.6202667951583862,-0.04340594261884689,-0.11619584262371063,-0.047688376158475876,-0.44583606719970703,0.989136815071106,-0.5582705736160278,0.056510452181100845
1764303178.2466056,0.15731596946716309,0.040160614997148514,-0.42711442708969116,0.955589234828949,-0.6202012300491333,-0.04325006157159805,-0.11622783541679382,-0.047677166759967804,-0.4458578824996948,0.9891852140426636,-0.5582798719406128,0.05648957937955856
1764303178.2870595,0.15732672810554504,0.040172677487134933,-0.42714282870292664,0.9556206464767456,-0.6201373338699341,-0.043097324669361115,-0.11625981330871582,-0.047666095197200775,-0.4458792805671692,0.9892325401306152,-0.5582883358001709,0.05646706745028496
1764303178.3275628,0.15733672678470612,0.04018429294228554,-0.4271714389324188,0.9556518793106079,-0.6200751066207886,-0.04294780641794205,-0.11629176139831543,-0.0476551428437233,-0.4459001421928406,0.9892788529396057,-0.5582959651947021,0.05644310265779495
1764303178.3681145,0.15734580159187317,0.0401955246925354,-0.4272002577781677,0.9556829333305359,-0.6200143694877625,-0.04280122369527817,-0.11632366478443146,-0.047644440084695816,-0.44592052698135376,0.9893239140510559,-0.5583029389381409,0.05641782283782959
1764303178.4085782,0.15735411643981934,0.04020647704601288,-0.4272293448448181,0.9557139873504639,-0.6199552416801453,-0.042657554149627686,-0.1163555234670639,-0.04763389378786087,-0.4459405243396759,0.9893680214881897,-0.5583092570304871,0.05639136582612991
1764303178.4490938,0.15736174583435059,0.040217071771621704,-0.42725852131843567,0.9557446241378784,-0.6198976039886475,-0.04251672327518463,-0.11638736724853516,-0.04762354865670204,-0.4459601938724518,0.9894111156463623,-0.5583150386810303,0.05636356770992279
1764303178.489569,0.15736860036849976,0.040227290242910385,-0.42728808522224426,0.955775260925293,-0.6198415756225586,-0.04237811267375946,-0.1164192259311676,-0.04761328175663948,-0.44597941637039185,0.9894532561302185,-0.5583203434944153,0.05633468180894852
1764303178.530047,0.15737482905387878,0.0402374193072319,-0.42731764912605286,0.9558056592941284,-0.6197868585586548,-0.04224206507205963,-0.1164509505033493,-0.04760307818651199,-0.4459983706474304,0.9894946813583374,-0.5583252310752869,0.05630461871623993
1764303178.5705078,0.15738049149513245,0.04024717956781387,-0.42734748125076294,0.9558361768722534,-0.6197336912155151,-0.04210829734802246,-0.11648273468017578,-0.04759307950735092,-0.44601696729660034,0.9895351529121399,-0.558329701423645,0.05627351254224777
1764303178.6109252,0.1573854386806488,0.040256988257169724,-0.4273775815963745,0.9558666348457336,-0.6196820735931396,-0.041976600885391235,-0.11651439964771271,-0.04758305847644806,-0.44603532552719116,0.9895750284194946,-0.5583338737487793,0.056241534650325775
1764303178.6514347,0.15738996863365173,0.0402664877474308,-0.427407830953598,0.9558970332145691,-0.619631826877594,-0.04184691607952118,-0.11654601991176605,-0.04757308214902878,-0.44605350494384766,0.9896143078804016,-0.5583376884460449,0.05620846524834633
1764303178.6920714,0.15739387273788452,0.04027592018246651,-0.42743831872940063,0.9559273719787598,-0.619583010673523,-0.041719213128089905,-0.11657759547233582,-0.04756315052509308,-0.44607141613960266,0.9896528124809265,-0.5583412051200867,0.056174591183662415
1764303178.7324464,0.1573973298072815,0.040285203605890274,-0.4274688959121704,0.9559575319290161,-0.6195355653762817,-0.041593410074710846,-0.11660914123058319,-0.04755326360464096,-0.4460892081260681,0.9896907806396484,-0.5583444833755493,0.0561397559940815
1764303178.772863,0.15740036964416504,0.040294427424669266,-0.42749953269958496,0.9559879302978516,-0.6194894909858704,-0.041469380259513855,-0.11664062738418579,-0.04754330962896347,-0.4461067318916321,0.9897282123565674,-0.5583475232124329,0.056104086339473724
1764303178.8133936,0.15740284323692322,0.04030345752835274,-0.42753031849861145,0.9560179710388184,-0.6194445490837097,-0.041347041726112366,-0.11667203903198242,-0.047533489763736725,-0.4461240768432617,0.9897651672363281,-0.5583503246307373,0.05606760084629059
1764303178.853979,0.15740489959716797,0.040312428027391434,-0.4275611937046051,0.9560481905937195,-0.6194008588790894,-0.04122645780444145,-0.11670336127281189,-0.04752364754676819,-0.4461413323879242,0.9898015260696411,-0.5583527684211731,0.056030407547950745
1764303178.8944654,0.15740665793418884,0.04032139480113983,-0.4275921583175659,0.956078290939331,-0.6193585395812988,-0.041107550263404846,-0.11673465371131897,-0.04751381278038025,-0.44615834951400757,0.9898372888565063,-0.5583552122116089,0.05599251389503479
1764303178.9349694,0.1574079394340515,0.04033029451966286,-0.4276231527328491,0.9561085104942322,-0.6193172931671143,-0.040990132838487625,-0.1167658269405365,-0.04750402644276619,-0.44617515802383423,0.9898726940155029,-0.5583574771881104,0.05595391243696213
1764303178.975427,0.15740887820720673,0.040339041501283646,-0.4276542365550995,0.9561383724212646,-0.6192770600318909,-0.04087430238723755,-0.11679692566394806,-0.04749425873160362,-0.44619184732437134,0.9899075031280518,-0.5583595037460327,0.05591457337141037
1764303179.0158367,0.15740957856178284,0.04034781455993652,-0.42768532037734985,0.9561682939529419,-0.6192380785942078,-0.0407598540186882,-0.11682790517807007,-0.047484517097473145,-0.4462083578109741,0.9899417161941528,-0.5583614706993103,0.05587475001811981
1764303179.0562432,0.15740978717803955,0.0403565987944603,-0.4277164340019226,0.9561982750892639,-0.6191999912261963,-0.04064690321683884,-0.1168588250875473,-0.04747481271624565,-0.4462246894836426,0.9899757504463196,-0.5583630204200745,0.055834248661994934
1764303179.0967379,0.15740978717803955,0.04036525636911392,-0.42774754762649536,0.9562279582023621,-0.6191630363464355,-0.040535420179367065,-0.11688968539237976,-0.04746504873037338,-0.44624096155166626,0.9900091290473938,-0.5583646893501282,0.05579310283064842
1764303179.1371303,0.1574093997478485,0.040373869240283966,-0.42777860164642334,0.9562578201293945,-0.6191269159317017,-0.040425289422273636,-0.11692044138908386,-0.04745542258024216,-0.44625699520111084,0.9900420904159546,-0.5583661794662476,0.05575152859091759
1764303179.177622,0.15740877389907837,0.040382497012615204,-0.4278096854686737,0.9562875032424927,-0.619091808795929,-0.04031645506620407,-0.11695104837417603,-0.047445785254240036,-0.4462728798389435,0.990074634552002,-0.5583676099777222,0.05570942908525467
1764303179.21809,0.15740792453289032,0.04039102792739868,-0.4278407692909241,0.9563169479370117,-0.6190576553344727,-0.04020898416638374,-0.11698158085346222,-0.04743621498346329,-0.4462885856628418,0.9901067614555359,-0.5583689212799072,0.05566679686307907
1764303179.258677,0.15740682184696198,0.04039967060089111,-0.4278717637062073,0.956346333026886,-0.619024395942688,-0.0401025153696537,-0.11701199412345886,-0.04742666333913803,-0.44630420207977295,0.9901384115219116,-0.5583702921867371,0.05562375858426094
1764303179.2992864,0.15740543603897095,0.0404081754386425,-0.42790257930755615,0.9563758969306946,-0.6189918518066406,-0.03999750316143036,-0.11704233288764954,-0.04741712659597397,-0.4463196396827698,0.9901696443557739,-0.5583711266517639,0.05558016151189804
1764303179.3397338,0.1574038863182068,0.0404166541993618,-0.4279334545135498,0.956404983997345,-0.6189602613449097,-0.039893701672554016,-0.11707243323326111,-0.04740772023797035,-0.44633495807647705,0.9902006387710571,-0.5583723783493042,0.05553624778985977
1764303179.3801382,0.1574021279811859,0.04042505845427513,-0.4279642105102539,0.9564341902732849,-0.6189294457435608,-0.03979113698005676,-0.11710256338119507,-0.047398313879966736,-0.4463501572608948,0.9902309775352478,-0.5583733320236206,0.05549189820885658
1764303179.42054,0.15740013122558594,0.040433455258607864,-0.42799490690231323,0.956463098526001,-0.618899405002594,-0.03968973085284233,-0.11713239550590515,-0.04738900810480118,-0.44636520743370056,0.9902611374855042,-0.5583743453025818,0.05544715374708176
1764303179.4609818,0.15739791095256805,0.04044187441468239,-0.42802542448043823,0.9564921259880066,-0.6188700795173645,-0.039589427411556244,-0.11716221272945404,-0.0473797582089901,-0.446380078792572,0.9902908802032471,-0.5583750605583191,0.055402062833309174
1764303179.5013912,0.15739558637142181,0.04045022279024124,-0.42805588245391846,0.9565207958221436,-0.6188414692878723,-0.039490245282649994,-0.11719183623790741,-0.04737056791782379,-0.44639480113983154,0.9903201460838318,-0.5583759546279907,0.055356599390506744
1764303179.5452473,0.15739308297634125,0.040458645671606064,-0.4280862808227539,0.9565494656562805,-0.6188136339187622,-0.03939208388328552,-0.11722138524055481,-0.04736148938536644,-0.4464094638824463,0.9903489351272583,-0.5583767294883728,0.055310823023319244
1764303179.5856392,0.15739044547080994,0.04046707600355148,-0.4281165599822998,0.9565781354904175,-0.6187865734100342,-0.03929489850997925,-0.11725074052810669,-0.04735241085290909,-0.4464239180088043,0.9903775453567505,-0.5583776235580444,0.05526478588581085
1764303179.626066,0.15738750994205475,0.04047541320323944,-0.428146630525589,0.9566066265106201,-0.6187600493431091,-0.03919891268014908,-0.11727997660636902,-0.04734344780445099,-0.44643834233283997,0.9904056787490845,-0.558378279209137,0.05521826818585396
1764303179.6664703,0.15738454461097717,0.04048370569944382,-0.428176611661911,0.9566349387168884,-0.6187341809272766,-0.03910388797521591,-0.11730898916721344,-0.04733458161354065,-0.4464524984359741,0.9904334545135498,-0.5583791732788086,0.05517169460654259
1764303179.7068527,0.15738146007061005,0.040492065250873566,-0.4282064735889435,0.9566629528999329,-0.6187090873718262,-0.03900974243879318,-0.11733794212341309,-0.047325775027275085,-0.4464666247367859,0.9904608726501465,-0.5583799481391907,0.05512480437755585
1764303179.7472382,0.15737824141979218,0.04050036147236824,-0.42823612689971924,0.9566910862922668,-0.6186845302581787,-0.03891671076416969,-0.1173667311668396,-0.04731699451804161,-0.4464806318283081,0.9904880523681641,-0.5583806037902832,0.05507758632302284
1764303179.78765,0.15737484395503998,0.0405086874961853,-0.42826563119888306,0.9567189812660217,-0.6186604499816895,-0.03882468491792679,-0.1173952966928482,-0.04730835556983948,-0.4464944005012512,0.9905148148536682,-0.5583812594413757,0.05503013730049133
1764303179.8280308,0.15737135708332062,0.04051700234413147,-0.42829495668411255,0.9567466378211975,-0.618636965751648,-0.038733527064323425,-0.11742372810840607,-0.04729984700679779,-0.4465080797672272,0.9905411005020142,-0.558381974697113,0.05498255044221878
1764303179.8684664,0.15736782550811768,0.04052520543336868,-0.4283241629600525,0.9567744135856628,-0.6186141967773438,-0.038643307983875275,-0.1174519956111908,-0.04729141294956207,-0.44652166962623596,0.990567147731781,-0.5583826303482056,0.05493475869297981
1764303179.9088624,0.15736418962478638,0.04053345322608948,-0.4283532202243805,0.9568017721176147,-0.618591845035553,-0.03855404257774353,-0.1174800843000412,-0.04728309065103531,-0.4465351402759552,0.9905928373336792,-0.5583833456039429,0.054886654019355774
1764303179.9495444,0.15736046433448792,0.040541600435972214,-0.4283820688724518,0.9568290710449219,-0.6185700297355652,-0.038465626537799835,-0.11750800907611847,-0.047274909913539886,-0.4465484619140625,0.9906181693077087,-0.5583841800689697,0.054838504642248154
1764303179.9901392,0.1573566496372223,0.04054993763566017,-0.42841070890426636,0.9568562507629395,-0.6185487508773804,-0.03837807476520538,-0.11753576993942261,-0.04726678505539894,-0.44656163454055786,0.9906432032585144,-0.5583847761154175,0.05479013919830322
1764303180.0305333,0.1573527455329895,0.04055819287896156,-0.42843925952911377,0.9568833708763123,-0.6185280084609985,-0.038291387259960175,-0.11756330728530884,-0.04725874960422516,-0.44657474756240845,0.9906679391860962,-0.5583855509757996,0.054741546511650085
1764303180.070995,0.15734875202178955,0.0405663438141346,-0.4284675717353821,0.9569103717803955,-0.6185078620910645,-0.038205523043870926,-0.11759074032306671,-0.047250859439373016,-0.4465876817703247,0.9906921982765198,-0.5583863258361816,0.054692916572093964
1764303180.1113667,0.15734466910362244,0.040574535727500916,-0.42849570512771606,0.9569369554519653,-0.6184879541397095,-0.03812050446867943,-0.1176178902387619,-0.04724305868148804,-0.4466005265712738,0.990716278553009,-0.558387041091919,0.054643966257572174
